"Country or Area","Subgroup","Year","Source","Unit","Value","Value Footnotes"
"Afghanistan","Females","2012","UNAIDS_GARPR_","Percent","0.3",""
"Afghanistan","Females","2011","UNAIDS_GARPR_","Percent","0",""
"Afghanistan","Females","2009","UNAIDS_GARPR_","Percent","0",""
"Afghanistan","Females","2007","UNAIDS_GARPR_","Percent","0",""
"Afghanistan","< 25","2012","UNAIDS_GARPR_","Percent","0.3",""
"Afghanistan","< 25","2011","UNAIDS_GARPR_","Percent","0",""
"Afghanistan","< 25","2009","UNAIDS_GARPR_","Percent","0",""
"Afghanistan","25+","2012","UNAIDS_GARPR_","Percent","0.3",""
"Afghanistan","25+","2011","UNAIDS_GARPR_","Percent","0",""
"Afghanistan","25+","2009","UNAIDS_GARPR_","Percent","0",""
"Afghanistan","Total","2012","UNAIDS_GARPR_","Percent","0.3",""
"Afghanistan","Total","2009","UNAIDS_GARPR_","Percent","0",""
"Albania","Total","2011","UNAIDS_GARPR_","Percent","0",""
"Algeria","Females","2014","UNAIDS_GARPR_","Percent","5.1",""
"Algeria","Females","2013","UNAIDS_GARPR_","Percent","10.3",""
"Algeria","Females","2012","UNAIDS_GARPR_","Percent","4.7",""
"Algeria","Females","2011","UNAIDS_GARPR_","Percent","6.67",""
"Algeria","Females","2007","UNAIDS_GARPR_","Percent","4",""
"Algeria","Males","2007","UNAIDS_GARPR_","Percent","0",""
"Algeria","< 25","2012","UNAIDS_GARPR_","Percent","4.3",""
"Algeria","< 25","2007","UNAIDS_GARPR_","Percent","1.2",""
"Algeria","25+","2014","UNAIDS_GARPR_","Percent","5.1",""
"Algeria","25+","2012","UNAIDS_GARPR_","Percent","4.8",""
"Algeria","25+","2007","UNAIDS_GARPR_","Percent","4.7",""
"Algeria","Total","2014","UNAIDS_GARPR_","Percent","5.1",""
"Algeria","Total","2013","UNAIDS_GARPR_","Percent","10.3",""
"Algeria","Total","2012","UNAIDS_GARPR_","Percent","4.6",""
"Algeria","Total","2011","UNAIDS_GARPR_","Percent","6.67",""
"Angola","Females","2011","UNAIDS_GARPR_","Percent","7.16",""
"Angola","Females","2007","UNAIDS_GARPR_","Percent","23.1",""
"Angola","< 25","2011","UNAIDS_GARPR_","Percent","7.16",""
"Angola","< 25","2007","UNAIDS_GARPR_","Percent","18.2",""
"Angola","25+","2007","UNAIDS_GARPR_","Percent","27.4",""
"Angola","Total","2011","UNAIDS_GARPR_","Percent","7.16",""
"Antigua and Barbuda","Females","2013","UNAIDS_GARPR_","Percent","2.6",""
"Antigua and Barbuda","Total","2014","UNAIDS_GARPR_","Percent","1",""
"Antigua and Barbuda","Total","2013","UNAIDS_GARPR_","Percent","2.6",""
"Argentina","Females","2011","UNAIDS_GARPR_","Percent","1.8",""
"Argentina","Females","2009","UNAIDS_GARPR_","Percent","1.9",""
"Argentina","Females","2007","UNAIDS_GARPR_","Percent","2.3",""
"Argentina","Males","2011","UNAIDS_GARPR_","Percent","22.8",""
"Argentina","Males","2009","UNAIDS_GARPR_","Percent","22.8",""
"Argentina","Males","2007","UNAIDS_GARPR_","Percent","38.3",""
"Argentina","Total","2009","UNAIDS_GARPR_","Percent","5.4",""
"Argentina","Transgender","2013","UNAIDS_GARPR_","Percent","27.8",""
"Armenia","Females","2014","UNAIDS_GARPR_","Percent","0",""
"Armenia","Females","2012","UNAIDS_GARPR_","Percent","1.3",""
"Armenia","Females","2011","UNAIDS_GARPR_","Percent","1.2",""
"Armenia","Females","2007","UNAIDS_GARPR_","Percent","0.4",""
"Armenia","Males","2007","UNAIDS_GARPR_","Percent","0",""
"Armenia","< 25","2014","UNAIDS_GARPR_","Percent","0",""
"Armenia","< 25","2012","UNAIDS_GARPR_","Percent","0",""
"Armenia","< 25","2011","UNAIDS_GARPR_","Percent","1.5",""
"Armenia","< 25","2007","UNAIDS_GARPR_","Percent","0",""
"Armenia","25+","2014","UNAIDS_GARPR_","Percent","0",""
"Armenia","25+","2012","UNAIDS_GARPR_","Percent","1.6",""
"Armenia","25+","2011","UNAIDS_GARPR_","Percent","1",""
"Armenia","25+","2007","UNAIDS_GARPR_","Percent","0.6",""
"Armenia","Total","2014","UNAIDS_GARPR_","Percent","0",""
"Armenia","Total","2012","UNAIDS_GARPR_","Percent","1.3",""
"Armenia","Total","2011","UNAIDS_GARPR_","Percent","1.2",""
"Australia","Females","2013","UNAIDS_GARPR_","Percent","0.03",""
"Australia","Females","2012","UNAIDS_GARPR_","Percent","0.1",""
"Australia","Females","2009","UNAIDS_GARPR_","Percent","0.1",""
"Australia","Females","2007","UNAIDS_GARPR_","Percent","0",""
"Australia","< 25","2012","UNAIDS_GARPR_","Percent","0",""
"Australia","< 25","2011","UNAIDS_GARPR_","Percent","0",""
"Australia","25+","2013","UNAIDS_GARPR_","Percent","0.04",""
"Australia","25+","2012","UNAIDS_GARPR_","Percent","0.1",""
"Australia","25+","2011","UNAIDS_GARPR_","Percent","0.04",""
"Australia","Total","2014","UNAIDS_GARPR_","Percent","0",""
"Australia","Total","2011","UNAIDS_GARPR_","Percent","0.04",""
"Australia","Total","2009","UNAIDS_GARPR_","Percent","0.1",""
"Azerbaijan","Females","2011","UNAIDS_GARPR_","Percent","0.67",""
"Azerbaijan","Females","2009","UNAIDS_GARPR_","Percent","1.7",""
"Azerbaijan","< 25","2011","UNAIDS_GARPR_","Percent","1.15",""
"Azerbaijan","< 25","2009","UNAIDS_GARPR_","Percent","0",""
"Azerbaijan","25+","2011","UNAIDS_GARPR_","Percent","0.47",""
"Azerbaijan","25+","2009","UNAIDS_GARPR_","Percent","2",""
"Azerbaijan","Total","2011","UNAIDS_GARPR_","Percent","0.67",""
"Azerbaijan","Total","2009","UNAIDS_GARPR_","Percent","1.7",""
"Bangladesh","Females","2014","UNAIDS_GARPR_","Percent","0.3",""
"Bangladesh","Females","2011","UNAIDS_GARPR_","Percent","0.3",""
"Bangladesh","Females","2009","UNAIDS_GARPR_","Percent","0.3",""
"Bangladesh","Females","2007","UNAIDS_GARPR_","Percent","0.2",""
"Bangladesh","Males","2014","UNAIDS_GARPR_","Percent","0.4",""
"Bangladesh","Males","2013","UNAIDS_GARPR_","Percent","0.6",""
"Bangladesh","Males","2011","UNAIDS_GARPR_","Percent","0",""
"Bangladesh","Males","2009","UNAIDS_GARPR_","Percent","0.3",""
"Bangladesh","Males","2007","UNAIDS_GARPR_","Percent","0.7",""
"Bangladesh","< 25","2014","UNAIDS_GARPR_","Percent","0.2",""
"Bangladesh","< 25","2011","UNAIDS_GARPR_","Percent","0.2",""
"Bangladesh","< 25","2009","UNAIDS_GARPR_","Percent","0.2",""
"Bangladesh","< 25","2007","UNAIDS_GARPR_","Percent","0.2",""
"Bangladesh","25+","2014","UNAIDS_GARPR_","Percent","0.5",""
"Bangladesh","25+","2013","UNAIDS_GARPR_","Percent","0.4",""
"Bangladesh","25+","2011","UNAIDS_GARPR_","Percent","0.3",""
"Bangladesh","25+","2009","UNAIDS_GARPR_","Percent","0.3",""
"Bangladesh","25+","2007","UNAIDS_GARPR_","Percent","0.2",""
"Bangladesh","Total","2014","UNAIDS_GARPR_","Percent","0.3",""
"Bangladesh","Total","2013","UNAIDS_GARPR_","Percent","0.3",""
"Bangladesh","Total","2011","UNAIDS_GARPR_","Percent","0.2",""
"Bangladesh","Total","2009","UNAIDS_GARPR_","Percent","0.3",""
"Bangladesh","Transgender","2014","UNAIDS_GARPR_","Percent","1",""
"Bangladesh","Transgender","2013","UNAIDS_GARPR_","Percent","0.5",""
"Belarus","Females","2013","UNAIDS_GARPR_","Percent","5.8",""
"Belarus","Females","2011","UNAIDS_GARPR_","Percent","0.67",""
"Belarus","Females","2009","UNAIDS_GARPR_","Percent","6.4",""
"Belarus","Females","2007","UNAIDS_GARPR_","Percent","1",""
"Belarus","< 25","2013","UNAIDS_GARPR_","Percent","1.4",""
"Belarus","< 25","2011","UNAIDS_GARPR_","Percent","0",""
"Belarus","< 25","2009","UNAIDS_GARPR_","Percent","2.9",""
"Belarus","< 25","2007","UNAIDS_GARPR_","Percent","1.1",""
"Belarus","25+","2013","UNAIDS_GARPR_","Percent","7.5",""
"Belarus","25+","2011","UNAIDS_GARPR_","Percent","1.28",""
"Belarus","25+","2009","UNAIDS_GARPR_","Percent","8.6",""
"Belarus","25+","2007","UNAIDS_GARPR_","Percent","0",""
"Belarus","Total","2013","UNAIDS_GARPR_","Percent","5.8",""
"Belarus","Total","2011","UNAIDS_GARPR_","Percent","0.67",""
"Belarus","Total","2009","UNAIDS_GARPR_","Percent","6.4",""
"Belgium","Females","2011","UNAIDS_GARPR_","Percent","0.22",""
"Belgium","Females","2009","UNAIDS_GARPR_","Percent","0.4",""
"Belgium","Males","2011","UNAIDS_GARPR_","Percent","9.09",""
"Belgium","Males","2009","UNAIDS_GARPR_","Percent","1.3",""
"Belgium","< 25","2011","UNAIDS_GARPR_","Percent","0.42",""
"Belgium","< 25","2009","UNAIDS_GARPR_","Percent","0.6",""
"Belgium","25+","2011","UNAIDS_GARPR_","Percent","0.84",""
"Belgium","25+","2009","UNAIDS_GARPR_","Percent","0.4",""
"Belgium","Total","2013","UNAIDS_GARPR_","Percent","0.4",""
"Belgium","Total","2011","UNAIDS_GARPR_","Percent","0.73",""
"Belgium","Total","2009","UNAIDS_GARPR_","Percent","0.4",""
"Belize","Females","2012","UNAIDS_GARPR_","Percent","0.9",""
"Belize","< 25","2012","UNAIDS_GARPR_","Percent","0",""
"Belize","25+","2012","UNAIDS_GARPR_","Percent","1.8",""
"Belize","Total","2012","UNAIDS_GARPR_","Percent","0.9",""
"Benin","Females","2012","UNAIDS_GARPR_","Percent","21",""
"Benin","Females","2009","UNAIDS_GARPR_","Percent","24.7",""
"Benin","Females","2007","UNAIDS_GARPR_","Percent","25.5",""
"Benin","< 25","2013","UNAIDS_GARPR_","Percent","13.25",""
"Benin","< 25","2012","UNAIDS_GARPR_","Percent","13.3",""
"Benin","< 25","2011","UNAIDS_GARPR_","Percent","24.3",""
"Benin","< 25","2009","UNAIDS_GARPR_","Percent","9.4",""
"Benin","25+","2012","UNAIDS_GARPR_","Percent","24.3",""
"Benin","25+","2011","UNAIDS_GARPR_","Percent","28.33",""
"Benin","25+","2009","UNAIDS_GARPR_","Percent","28.7",""
"Benin","Total","2013","UNAIDS_GARPR_","Percent","20.97",""
"Benin","Total","2012","UNAIDS_GARPR_","Percent","21",""
"Benin","Total","2011","UNAIDS_GARPR_","Percent","26.9",""
"Benin","Total","2009","UNAIDS_GARPR_","Percent","24.7",""
"Bolivia (Plurinational State of)","Females","2014","UNAIDS_GARPR_","Percent","0.6",""
"Bolivia (Plurinational State of)","Females","2012","UNAIDS_GARPR_","Percent","0.6",""
"Bolivia (Plurinational State of)","Females","2011","UNAIDS_GARPR_","Percent","0.57",""
"Bolivia (Plurinational State of)","Females","2007","UNAIDS_GARPR_","Percent","0.3",""
"Bolivia (Plurinational State of)","Males","2007","UNAIDS_GARPR_","Percent","17.3",""
"Bolivia (Plurinational State of)","< 25","2013","UNAIDS_GARPR_","Percent","13.1",""
"Bolivia (Plurinational State of)","< 25","2012","UNAIDS_GARPR_","Percent","0.6",""
"Bolivia (Plurinational State of)","< 25","2007","UNAIDS_GARPR_","Percent","0.4",""
"Bolivia (Plurinational State of)","25+","2013","UNAIDS_GARPR_","Percent","23.3",""
"Bolivia (Plurinational State of)","25+","2012","UNAIDS_GARPR_","Percent","0.6",""
"Bolivia (Plurinational State of)","25+","2007","UNAIDS_GARPR_","Percent","0.4",""
"Bolivia (Plurinational State of)","Total","2014","UNAIDS_GARPR_","Percent","4.3",""
"Bolivia (Plurinational State of)","Total","2012","UNAIDS_GARPR_","Percent","0.6",""
"Bolivia (Plurinational State of)","Total","2011","UNAIDS_GARPR_","Percent","0.57",""
"Bolivia (Plurinational State of)","Total","2009","UNAIDS_GARPR_","Percent","0.4",""
"Bolivia (Plurinational State of)","Transgender","2014","UNAIDS_GARPR_","Percent","19.7",""
"Bolivia (Plurinational State of)","Transgender","2013","UNAIDS_GARPR_","Percent","19.7",""
"Bosnia and Herzegovina","Females","2012","UNAIDS_GARPR_","Percent","0.5",""
"Bosnia and Herzegovina","Females","2011","UNAIDS_GARPR_","Percent","0",""
"Bosnia and Herzegovina","Females","2009","UNAIDS_GARPR_","Percent","0",""
"Bosnia and Herzegovina","< 25","2009","UNAIDS_GARPR_","Percent","0",""
"Bosnia and Herzegovina","Total","2012","UNAIDS_GARPR_","Percent","0.5",""
"Bosnia and Herzegovina","Total","2009","UNAIDS_GARPR_","Percent","0",""
"Botswana","Total","2013","UNAIDS_GARPR_","Percent","61.9",""
"Brazil","Females","2011","UNAIDS_GARPR_","Percent","4.91",""
"Brazil","Total","2011","UNAIDS_GARPR_","Percent","4.91",""
"Brazil","Total","2009","UNAIDS_GARPR_","Percent","5.2",""
"Bulgaria","Females","2013","UNAIDS_GARPR_","Percent","1.9",""
"Bulgaria","Females","2011","UNAIDS_GARPR_","Percent","0.3",""
"Bulgaria","Females","2009","UNAIDS_GARPR_","Percent","0.7",""
"Bulgaria","Females","2007","UNAIDS_GARPR_","Percent","0.2",""
"Bulgaria","Males","2011","UNAIDS_GARPR_","Percent","0",""
"Bulgaria","Males","2009","UNAIDS_GARPR_","Percent","0",""
"Bulgaria","< 25","2013","UNAIDS_GARPR_","Percent","1.5",""
"Bulgaria","< 25","2011","UNAIDS_GARPR_","Percent","0",""
"Bulgaria","< 25","2009","UNAIDS_GARPR_","Percent","0.7",""
"Bulgaria","< 25","2007","UNAIDS_GARPR_","Percent","0",""
"Bulgaria","25+","2013","UNAIDS_GARPR_","Percent","1.9",""
"Bulgaria","25+","2011","UNAIDS_GARPR_","Percent","0.51",""
"Bulgaria","25+","2009","UNAIDS_GARPR_","Percent","0.5",""
"Bulgaria","25+","2007","UNAIDS_GARPR_","Percent","0.4",""
"Bulgaria","Total","2013","UNAIDS_GARPR_","Percent","1.8",""
"Bulgaria","Total","2011","UNAIDS_GARPR_","Percent","0.29",""
"Bulgaria","Total","2009","UNAIDS_GARPR_","Percent","0.6",""
"Burkina Faso","Females","2014","UNAIDS_GARPR_","Percent","16.2",""
"Burkina Faso","Females","2011","UNAIDS_GARPR_","Percent","16.44",""
"Burkina Faso","Females","2009","UNAIDS_GARPR_","Percent","16.3",""
"Burkina Faso","Females","2007","UNAIDS_GARPR_","Percent","16.3",""
"Burkina Faso","Males","2009","UNAIDS_GARPR_","Percent","1.6",""
"Burkina Faso","Males","2007","UNAIDS_GARPR_","Percent","1.6",""
"Burkina Faso","< 25","2014","UNAIDS_GARPR_","Percent","5",""
"Burkina Faso","< 25","2011","UNAIDS_GARPR_","Percent","8.62",""
"Burkina Faso","< 25","2009","UNAIDS_GARPR_","Percent","9.8",""
"Burkina Faso","< 25","2007","UNAIDS_GARPR_","Percent","9.8",""
"Burkina Faso","25+","2014","UNAIDS_GARPR_","Percent","25.8",""
"Burkina Faso","25+","2011","UNAIDS_GARPR_","Percent","23.98",""
"Burkina Faso","25+","2009","UNAIDS_GARPR_","Percent","8",""
"Burkina Faso","25+","2007","UNAIDS_GARPR_","Percent","8",""
"Burkina Faso","Total","2014","UNAIDS_GARPR_","Percent","16.2",""
"Burkina Faso","Total","2011","UNAIDS_GARPR_","Percent","16.44",""
"Burkina Faso","Total","2009","UNAIDS_GARPR_","Percent","8.9",""
"Burundi","Females","2014","UNAIDS_GARPR_","Percent","21.3",""
"Burundi","Females","2013","UNAIDS_GARPR_","Percent","22.5",""
"Burundi","Females","2011","UNAIDS_GARPR_","Percent","19.9",""
"Burundi","Females","2009","UNAIDS_GARPR_","Percent","39.8",""
"Burundi","< 25","2011","UNAIDS_GARPR_","Percent","24.3",""
"Burundi","< 25","2009","UNAIDS_GARPR_","Percent","45.6",""
"Burundi","25+","2011","UNAIDS_GARPR_","Percent","28.3",""
"Burundi","25+","2009","UNAIDS_GARPR_","Percent","32.6",""
"Burundi","Total","2014","UNAIDS_GARPR_","Percent","21.3",""
"Burundi","Total","2013","UNAIDS_GARPR_","Percent","22.5",""
"Burundi","Total","2011","UNAIDS_GARPR_","Percent","26.5",""
"Burundi","Total","2009","UNAIDS_GARPR_","Percent","39.8",""
"Cambodia","Females","2011","UNAIDS_GARPR_","Percent","13.89",""
"Cambodia","Females","2007","UNAIDS_GARPR_","Percent","12.7",""
"Cambodia","< 25","2007","UNAIDS_GARPR_","Percent","7.2",""
"Cambodia","25+","2007","UNAIDS_GARPR_","Percent","20.9",""
"Cambodia","Total","2009","UNAIDS_GARPR_","Percent","14.7",""
"Cameroon","Females","2012","UNAIDS_GARPR_","Percent","36.9",""
"Cameroon","Females","2009","UNAIDS_GARPR_","Percent","35.5",""
"Cameroon","Females","2007","UNAIDS_GARPR_","Percent","26.4",""
"Cameroon","< 25","2012","UNAIDS_GARPR_","Percent","27.5",""
"Cameroon","< 25","2011","UNAIDS_GARPR_","Percent","26.87",""
"Cameroon","< 25","2007","UNAIDS_GARPR_","Percent","19.7",""
"Cameroon","25+","2012","UNAIDS_GARPR_","Percent","44.5",""
"Cameroon","25+","2011","UNAIDS_GARPR_","Percent","43.38",""
"Cameroon","25+","2007","UNAIDS_GARPR_","Percent","31.5",""
"Cameroon","Total","2012","UNAIDS_GARPR_","Percent","36.8",""
"Cameroon","Total","2011","UNAIDS_GARPR_","Percent","35.87",""
"Cameroon","Total","2009","UNAIDS_GARPR_","Percent","35.5",""
"Cape Verde","Females","2013","UNAIDS_GARPR_","Percent","7.7",""
"Cape Verde","Females","2011","UNAIDS_GARPR_","Percent","5.71",""
"Cape Verde","Males","2011","UNAIDS_GARPR_","Percent","0",""
"Cape Verde","< 25","2013","UNAIDS_GARPR_","Percent","3.9",""
"Cape Verde","< 25","2011","UNAIDS_GARPR_","Percent","0.53",""
"Cape Verde","25+","2013","UNAIDS_GARPR_","Percent","10.8",""
"Cape Verde","25+","2011","UNAIDS_GARPR_","Percent","10.53",""
"Cape Verde","Total","2013","UNAIDS_GARPR_","Percent","7.7",""
"Cape Verde","Total","2011","UNAIDS_GARPR_","Percent","5.57",""
"Central African Republic","Females","2014","UNAIDS_GARPR_","Percent","9.2",""
"Central African Republic","Females","2013","UNAIDS_GARPR_","Percent","7.9",""
"Central African Republic","< 25","2014","UNAIDS_GARPR_","Percent","14.6",""
"Central African Republic","< 25","2013","UNAIDS_GARPR_","Percent","8.3",""
"Central African Republic","25+","2014","UNAIDS_GARPR_","Percent","6.7",""
"Central African Republic","25+","2013","UNAIDS_GARPR_","Percent","7.1",""
"Central African Republic","Total","2014","UNAIDS_GARPR_","Percent","9.2",""
"Central African Republic","Total","2013","UNAIDS_GARPR_","Percent","7.9",""
"Chad","Females","2013","UNAIDS_GARPR_","Percent","20",""
"Chad","Females","2011","UNAIDS_GARPR_","Percent","20.04",""
"Chad","Females","2009","UNAIDS_GARPR_","Percent","20",""
"Chad","< 25","2011","UNAIDS_GARPR_","Percent","19.59",""
"Chad","< 25","2009","UNAIDS_GARPR_","Percent","19.4",""
"Chad","25+","2013","UNAIDS_GARPR_","Percent","20.7",""
"Chad","25+","2011","UNAIDS_GARPR_","Percent","20.65",""
"Chad","25+","2009","UNAIDS_GARPR_","Percent","20.9",""
"Chad","Total","2013","UNAIDS_GARPR_","Percent","20",""
"Chad","Total","2011","UNAIDS_GARPR_","Percent","20.04",""
"Chad","Total","2009","UNAIDS_GARPR_","Percent","20",""
"Chile","Females","2014","UNAIDS_GARPR_","Percent","1.1",""
"Chile","< 25","2014","UNAIDS_GARPR_","Percent","0",""
"Chile","25+","2014","UNAIDS_GARPR_","Percent","1.4",""
"Chile","Total","2014","UNAIDS_GARPR_","Percent","1.1",""
"Chile","Total","2012","UNAIDS_GARPR_","Percent","0.3",""
"Chile","Total","2011","UNAIDS_GARPR_","Percent","0.26",""
"Chile","Total","2009","UNAIDS_GARPR_","Percent","0.7",""
"China","Females","2014","UNAIDS_GARPR_","Percent","0.22",""
"China","Females","2012","UNAIDS_GARPR_","Percent","0.3",""
"China","Females","2011","UNAIDS_GARPR_","Percent","0.3",""
"China","Females","2009","UNAIDS_GARPR_","Percent","0.6",""
"China","Females","2007","UNAIDS_GARPR_","Percent","0.3",""
"China","< 25","2014","UNAIDS_GARPR_","Percent","0.11",""
"China","< 25","2012","UNAIDS_GARPR_","Percent","0.2",""
"China","< 25","2011","UNAIDS_GARPR_","Percent","0.16",""
"China","< 25","2009","UNAIDS_GARPR_","Percent","0.4",""
"China","< 25","2007","UNAIDS_GARPR_","Percent","0.3",""
"China","25+","2014","UNAIDS_GARPR_","Percent","0.27",""
"China","25+","2012","UNAIDS_GARPR_","Percent","0.4",""
"China","25+","2011","UNAIDS_GARPR_","Percent","0.34",""
"China","25+","2009","UNAIDS_GARPR_","Percent","0.8",""
"China","25+","2007","UNAIDS_GARPR_","Percent","0.4",""
"China","Total","2014","UNAIDS_GARPR_","Percent","0.22",""
"China","Total","2013","UNAIDS_GARPR_","Percent","0.2",""
"China","Total","2012","UNAIDS_GARPR_","Percent","0.3",""
"China","Total","2011","UNAIDS_GARPR_","Percent","0.3",""
"China","Total","2009","UNAIDS_GARPR_","Percent","0.6",""
"Colombia","Females","2014","UNAIDS_GARPR_","Percent","0",""
"Colombia","Females","2013","UNAIDS_GARPR_","Percent","1.1",""
"Colombia","Females","2011","UNAIDS_GARPR_","Percent","2.81",""
"Colombia","Females","2009","UNAIDS_GARPR_","Percent","1.6",""
"Colombia","Females","2007","UNAIDS_GARPR_","Percent","0.5",""
"Colombia","< 25","2014","UNAIDS_GARPR_","Percent","0",""
"Colombia","< 25","2013","UNAIDS_GARPR_","Percent","4.3",""
"Colombia","< 25","2009","UNAIDS_GARPR_","Percent","0.5",""
"Colombia","25+","2014","UNAIDS_GARPR_","Percent","0",""
"Colombia","25+","2013","UNAIDS_GARPR_","Percent","3.3",""
"Colombia","25+","2009","UNAIDS_GARPR_","Percent","2",""
"Colombia","Total","2014","UNAIDS_GARPR_","Percent","0",""
"Colombia","Total","2013","UNAIDS_GARPR_","Percent","3.6",""
"Colombia","Total","2012","UNAIDS_GARPR_","Percent","1.1",""
"Colombia","Transgender","2013","UNAIDS_GARPR_","Percent","20.1",""
"Comoros","Females","2014","UNAIDS_GARPR_","Percent","0",""
"Comoros","Females","2009","UNAIDS_GARPR_","Percent","0",""
"Comoros","Females","2007","UNAIDS_GARPR_","Percent","0",""
"Comoros","< 25","2014","UNAIDS_GARPR_","Percent","0",""
"Comoros","< 25","2009","UNAIDS_GARPR_","Percent","0",""
"Comoros","< 25","2007","UNAIDS_GARPR_","Percent","0",""
"Comoros","25+","2014","UNAIDS_GARPR_","Percent","0",""
"Comoros","25+","2009","UNAIDS_GARPR_","Percent","0",""
"Comoros","25+","2007","UNAIDS_GARPR_","Percent","0",""
"Comoros","Total","2014","UNAIDS_GARPR_","Percent","0",""
"Comoros","Total","2009","UNAIDS_GARPR_","Percent","0",""
"Congo","Females","2012","UNAIDS_GARPR_","Percent","7.5",""
"Congo","< 25","2012","UNAIDS_GARPR_","Percent","3.8",""
"Congo","25+","2012","UNAIDS_GARPR_","Percent","10.2",""
"Congo","Total","2013","UNAIDS_GARPR_","Percent","7.54",""
"Congo","Total","2012","UNAIDS_GARPR_","Percent","7.5",""
"Costa Rica","Females","2007","UNAIDS_GARPR_","Percent","0.1",""
"Costa Rica","Males","2007","UNAIDS_GARPR_","Percent","1.2",""
"Côte d'Ivoire","Females","2014","UNAIDS_GARPR_","Percent","11",""
"Côte d'Ivoire","Females","2011","UNAIDS_GARPR_","Percent","33.4",""
"Côte d'Ivoire","Females","2009","UNAIDS_GARPR_","Percent","33.4",""
"Côte d'Ivoire","Females","2007","UNAIDS_GARPR_","Percent","18",""
"Côte d'Ivoire","Males","2011","UNAIDS_GARPR_","Percent","50",""
"Côte d'Ivoire","Males","2009","UNAIDS_GARPR_","Percent","50",""
"Côte d'Ivoire","Males","2007","UNAIDS_GARPR_","Percent","33.3",""
"Côte d'Ivoire","< 25","2014","UNAIDS_GARPR_","Percent","2.4",""
"Côte d'Ivoire","< 25","2011","UNAIDS_GARPR_","Percent","11.74",""
"Côte d'Ivoire","< 25","2007","UNAIDS_GARPR_","Percent","7.6",""
"Côte d'Ivoire","25+","2014","UNAIDS_GARPR_","Percent","18.3",""
"Côte d'Ivoire","25+","2011","UNAIDS_GARPR_","Percent","44.37",""
"Côte d'Ivoire","25+","2007","UNAIDS_GARPR_","Percent","21.9",""
"Côte d'Ivoire","Total","2014","UNAIDS_GARPR_","Percent","11",""
"Côte d'Ivoire","Total","2011","UNAIDS_GARPR_","Percent","28.65",""
"Côte d'Ivoire","Total","2009","UNAIDS_GARPR_","Percent","35.5",""
"Croatia","Males","2007","UNAIDS_GARPR_","Percent","1.8",""
"Cuba","Females","2013","UNAIDS_GARPR_","Percent","0.4",""
"Cuba","Females","2011","UNAIDS_GARPR_","Percent","0.37",""
"Cuba","Females","2009","UNAIDS_GARPR_","Percent","0.1",""
"Cuba","Females","2007","UNAIDS_GARPR_","Percent","0.1",""
"Cuba","Males","2013","UNAIDS_GARPR_","Percent","2.9",""
"Cuba","Males","2011","UNAIDS_GARPR_","Percent","1.5",""
"Cuba","Males","2009","UNAIDS_GARPR_","Percent","0.4",""
"Cuba","Males","2007","UNAIDS_GARPR_","Percent","0.1",""
"Cuba","< 25","2013","UNAIDS_GARPR_","Percent","1.3",""
"Cuba","< 25","2011","UNAIDS_GARPR_","Percent","0.94",""
"Cuba","< 25","2007","UNAIDS_GARPR_","Percent","0.2",""
"Cuba","25+","2013","UNAIDS_GARPR_","Percent","1.3",""
"Cuba","25+","2011","UNAIDS_GARPR_","Percent","1.01",""
"Cuba","25+","2007","UNAIDS_GARPR_","Percent","0.1",""
"Cuba","Total","2013","UNAIDS_GARPR_","Percent","1.3",""
"Cuba","Total","2011","UNAIDS_GARPR_","Percent","0.99",""
"Cuba","Total","2009","UNAIDS_GARPR_","Percent","0.3",""
"Czech Republic","Females","2014","UNAIDS_GARPR_","Percent","0.1",""
"Czech Republic","Females","2011","UNAIDS_GARPR_","Percent","0.08",""
"Czech Republic","Males","2014","UNAIDS_GARPR_","Percent","1.6",""
"Czech Republic","Males","2011","UNAIDS_GARPR_","Percent","2",""
"Czech Republic","< 25","2014","UNAIDS_GARPR_","Percent","0.12",""
"Czech Republic","25+","2014","UNAIDS_GARPR_","Percent","0.16",""
"Czech Republic","Total","2014","UNAIDS_GARPR_","Percent","0.15",""
"Czech Republic","Total","2011","UNAIDS_GARPR_","Percent","0.11",""
"Democratic Republic of the Congo","Females","2012","UNAIDS_GARPR_","Percent","5.7",""
"Democratic Republic of the Congo","< 25","2012","UNAIDS_GARPR_","Percent","4.5",""
"Democratic Republic of the Congo","< 25","2011","UNAIDS_GARPR_","Percent","15.58",""
"Democratic Republic of the Congo","25+","2012","UNAIDS_GARPR_","Percent","6.9",""
"Democratic Republic of the Congo","25+","2011","UNAIDS_GARPR_","Percent","30.08",""
"Democratic Republic of the Congo","Total","2012","UNAIDS_GARPR_","Percent","5.7",""
"Democratic Republic of the Congo","Total","2011","UNAIDS_GARPR_","Percent","22.12",""
"Djibouti","Females","2011","UNAIDS_GARPR_","Percent","15.38",""
"Djibouti","Females","2009","UNAIDS_GARPR_","Percent","20.3",""
"Djibouti","< 25","2011","UNAIDS_GARPR_","Percent","12.5",""
"Djibouti","< 25","2009","UNAIDS_GARPR_","Percent","7.9",""
"Djibouti","25+","2011","UNAIDS_GARPR_","Percent","17.86",""
"Djibouti","25+","2009","UNAIDS_GARPR_","Percent","31.7",""
"Djibouti","Total","2014","UNAIDS_GARPR_","Percent","12.9",""
"Djibouti","Total","2011","UNAIDS_GARPR_","Percent","15.38",""
"Djibouti","Total","2009","UNAIDS_GARPR_","Percent","20.3",""
"Dominican Republic","Females","2012","UNAIDS_GARPR_","Percent","3.7",""
"Dominican Republic","Females","2009","UNAIDS_GARPR_","Percent","4.8",""
"Dominican Republic","Females","2007","UNAIDS_GARPR_","Percent","2.7",""
"Dominican Republic","< 25","2012","UNAIDS_GARPR_","Percent","2.4",""
"Dominican Republic","25+","2012","UNAIDS_GARPR_","Percent","4.8",""
"Dominican Republic","Total","2013","UNAIDS_GARPR_","Percent","3.73",""
"Dominican Republic","Total","2012","UNAIDS_GARPR_","Percent","3.7",""
"Dominican Republic","Total","2011","UNAIDS_GARPR_","Percent","4.77",""
"Dominican Republic","Total","2009","UNAIDS_GARPR_","Percent","4.8",""
"Ecuador","Females","2007","UNAIDS_GARPR_","Percent","3.8",""
"Ecuador","Transgender","2013","UNAIDS_GARPR_","Percent","31.9",""
"Egypt","Females","2013","UNAIDS_GARPR_","Percent","0",""
"Egypt","Females","2009","UNAIDS_GARPR_","Percent","0.9",""
"Egypt","Total","2013","UNAIDS_GARPR_","Percent","0",""
"El Salvador","Females","2011","UNAIDS_GARPR_","Percent","5.7",""
"El Salvador","Females","2009","UNAIDS_GARPR_","Percent","4.1",""
"El Salvador","Total","2012","UNAIDS_GARPR_","Percent","3.1",""
"Eritrea","Females","2014","UNAIDS_GARPR_","Percent","10.4",""
"Eritrea","Females","2011","UNAIDS_GARPR_","Percent","6",""
"Eritrea","Females","2009","UNAIDS_GARPR_","Percent","7.8",""
"Eritrea","< 25","2011","UNAIDS_GARPR_","Percent","1.47",""
"Eritrea","< 25","2009","UNAIDS_GARPR_","Percent","3",""
"Eritrea","25+","2011","UNAIDS_GARPR_","Percent","10.71",""
"Eritrea","25+","2009","UNAIDS_GARPR_","Percent","12.5",""
"Eritrea","Total","2014","UNAIDS_GARPR_","Percent","10.4",""
"Eritrea","Total","2011","UNAIDS_GARPR_","Percent","6",""
"Eritrea","Total","2009","UNAIDS_GARPR_","Percent","7.8",""
"Estonia","Females","2011","UNAIDS_GARPR_","Percent","6.19",""
"Estonia","Females","2009","UNAIDS_GARPR_","Percent","7.7",""
"Estonia","Females","2007","UNAIDS_GARPR_","Percent","7.7",""
"Estonia","< 25","2011","UNAIDS_GARPR_","Percent","11.11",""
"Estonia","< 25","2009","UNAIDS_GARPR_","Percent","11.7",""
"Estonia","< 25","2007","UNAIDS_GARPR_","Percent","11.7",""
"Estonia","25+","2011","UNAIDS_GARPR_","Percent","5.73",""
"Estonia","25+","2009","UNAIDS_GARPR_","Percent","5.7",""
"Estonia","25+","2007","UNAIDS_GARPR_","Percent","5.6",""
"Estonia","Total","2011","UNAIDS_GARPR_","Percent","6.19",""
"Estonia","Total","2009","UNAIDS_GARPR_","Percent","7.7",""
"Ethiopia","Females","2014","UNAIDS_GARPR_","Percent","24.3",""
"Ethiopia","Females","2013","UNAIDS_GARPR_","Percent","23.8",""
"Ethiopia","Total","2014","UNAIDS_GARPR_","Percent","24.3",""
"Fiji","Females","2012","UNAIDS_GARPR_","Percent","0",""
"Fiji","Males","2013","UNAIDS_GARPR_","Percent","2.75",""
"Fiji","Males","2012","UNAIDS_GARPR_","Percent","2.8",""
"Fiji","< 25","2012","UNAIDS_GARPR_","Percent","0",""
"Fiji","25+","2012","UNAIDS_GARPR_","Percent","1.7",""
"Fiji","Total","2013","UNAIDS_GARPR_","Percent","1.02",""
"Fiji","Total","2012","UNAIDS_GARPR_","Percent","1",""
"Finland","Total","2013","UNAIDS_GARPR_","Percent","3.5",""
"Gabon","Females","2009","UNAIDS_GARPR_","Percent","23.6",""
"Gabon","Females","2007","UNAIDS_GARPR_","Percent","20.9",""
"Gabon","Males","2009","UNAIDS_GARPR_","Percent","12.5",""
"Gabon","Males","2007","UNAIDS_GARPR_","Percent","0",""
"Gabon","< 25","2009","UNAIDS_GARPR_","Percent","12",""
"Gabon","< 25","2007","UNAIDS_GARPR_","Percent","10.5",""
"Gabon","25+","2009","UNAIDS_GARPR_","Percent","28.2",""
"Gabon","25+","2007","UNAIDS_GARPR_","Percent","25.9",""
"Gabon","Total","2009","UNAIDS_GARPR_","Percent","23.2",""
"Gambia","Females","2013","UNAIDS_GARPR_","Percent","15.9",""
"Georgia","Females","2014","UNAIDS_GARPR_","Percent","0.7",""
"Georgia","Females","2012","UNAIDS_GARPR_","Percent","1.1",""
"Georgia","Females","2011","UNAIDS_GARPR_","Percent","1.95",""
"Georgia","Females","2009","UNAIDS_GARPR_","Percent","2",""
"Georgia","Females","2007","UNAIDS_GARPR_","Percent","0.6",""
"Georgia","< 25","2014","UNAIDS_GARPR_","Percent","0",""
"Georgia","< 25","2013","UNAIDS_GARPR_","Percent","0",""
"Georgia","< 25","2012","UNAIDS_GARPR_","Percent","0",""
"Georgia","< 25","2011","UNAIDS_GARPR_","Percent","0",""
"Georgia","< 25","2009","UNAIDS_GARPR_","Percent","0",""
"Georgia","< 25","2007","UNAIDS_GARPR_","Percent","0",""
"Georgia","25+","2014","UNAIDS_GARPR_","Percent","0.8",""
"Georgia","25+","2012","UNAIDS_GARPR_","Percent","1.2",""
"Georgia","25+","2011","UNAIDS_GARPR_","Percent","2.1",""
"Georgia","25+","2009","UNAIDS_GARPR_","Percent","2.1",""
"Georgia","25+","2007","UNAIDS_GARPR_","Percent","0.8",""
"Georgia","Total","2014","UNAIDS_GARPR_","Percent","0.7",""
"Georgia","Total","2011","UNAIDS_GARPR_","Percent","1.95",""
"Georgia","Total","2009","UNAIDS_GARPR_","Percent","2",""
"Germany","Females","2013","UNAIDS_GARPR_","Percent","0.2",""
"Germany","Females","2011","UNAIDS_GARPR_","Percent","0.2",""
"Germany","Males","2011","UNAIDS_GARPR_","Percent","20",""
"Germany","< 25","2013","UNAIDS_GARPR_","Percent","0",""
"Germany","25+","2013","UNAIDS_GARPR_","Percent","0.5",""
"Germany","Transgender","2013","UNAIDS_GARPR_","Percent","0",""
"Ghana","Females","2011","UNAIDS_GARPR_","Percent","11.1",""
"Ghana","Females","2009","UNAIDS_GARPR_","Percent","25",""
"Ghana","Total","2011","UNAIDS_GARPR_","Percent","11.1",""
"Guatemala","Females","2012","UNAIDS_GARPR_","Percent","1.1",""
"Guatemala","Females","2011","UNAIDS_GARPR_","Percent","3.79",""
"Guatemala","Females","2009","UNAIDS_GARPR_","Percent","1",""
"Guatemala","Males","2009","UNAIDS_GARPR_","Percent","18.3",""
"Guatemala","Total","2012","UNAIDS_GARPR_","Percent","1.1",""
"Guinea","Females","2012","UNAIDS_GARPR_","Percent","16.7",""
"Guinea","Females","2011","UNAIDS_GARPR_","Percent","32.67",""
"Guinea","Females","2009","UNAIDS_GARPR_","Percent","32.7",""
"Guinea","Females","2007","UNAIDS_GARPR_","Percent","34.5",""
"Guinea","Males","2007","UNAIDS_GARPR_","Percent","0",""
"Guinea","< 25","2013","UNAIDS_GARPR_","Percent","14.8",""
"Guinea","< 25","2012","UNAIDS_GARPR_","Percent","14.8",""
"Guinea","< 25","2011","UNAIDS_GARPR_","Percent","25.86",""
"Guinea","< 25","2009","UNAIDS_GARPR_","Percent","25.9",""
"Guinea","< 25","2007","UNAIDS_GARPR_","Percent","27.5",""
"Guinea","25+","2012","UNAIDS_GARPR_","Percent","19.5",""
"Guinea","25+","2011","UNAIDS_GARPR_","Percent","41.86",""
"Guinea","25+","2009","UNAIDS_GARPR_","Percent","41.9",""
"Guinea","25+","2007","UNAIDS_GARPR_","Percent","40.8",""
"Guinea","Total","2012","UNAIDS_GARPR_","Percent","16.7",""
"Guinea","Total","2011","UNAIDS_GARPR_","Percent","32.67",""
"Guinea","Total","2009","UNAIDS_GARPR_","Percent","32.7",""
"Guinea-Bissau","Females","2011","UNAIDS_GARPR_","Percent","39.02",""
"Guinea-Bissau","Females","2009","UNAIDS_GARPR_","Percent","39.6",""
"Guinea-Bissau","Females","2007","UNAIDS_GARPR_","Percent","26.8",""
"Guinea-Bissau","< 25","2011","UNAIDS_GARPR_","Percent","22.22",""
"Guinea-Bissau","< 25","2009","UNAIDS_GARPR_","Percent","23.8",""
"Guinea-Bissau","< 25","2007","UNAIDS_GARPR_","Percent","10.2",""
"Guinea-Bissau","25+","2011","UNAIDS_GARPR_","Percent","49.5",""
"Guinea-Bissau","25+","2009","UNAIDS_GARPR_","Percent","49.5",""
"Guinea-Bissau","25+","2007","UNAIDS_GARPR_","Percent","32.6",""
"Guinea-Bissau","Total","2011","UNAIDS_GARPR_","Percent","39.02",""
"Guinea-Bissau","Total","2009","UNAIDS_GARPR_","Percent","39.6",""
"Guyana","Females","2014","UNAIDS_GARPR_","Percent","5.5",""
"Guyana","Females","2011","UNAIDS_GARPR_","Percent","16.57",""
"Guyana","Females","2009","UNAIDS_GARPR_","Percent","16.6",""
"Guyana","Females","2007","UNAIDS_GARPR_","Percent","26.6",""
"Guyana","Males","2014","UNAIDS_GARPR_","Percent","5.1",""
"Guyana","< 25","2014","UNAIDS_GARPR_","Percent","5.8",""
"Guyana","< 25","2011","UNAIDS_GARPR_","Percent","6.58",""
"Guyana","< 25","2009","UNAIDS_GARPR_","Percent","6.6",""
"Guyana","25+","2014","UNAIDS_GARPR_","Percent","6.2",""
"Guyana","25+","2011","UNAIDS_GARPR_","Percent","23.81",""
"Guyana","25+","2009","UNAIDS_GARPR_","Percent","23.8",""
"Guyana","Total","2014","UNAIDS_GARPR_","Percent","6.1",""
"Guyana","Total","2011","UNAIDS_GARPR_","Percent","16.57",""
"Guyana","Total","2009","UNAIDS_GARPR_","Percent","16.6",""
"Guyana","Transgender","2014","UNAIDS_GARPR_","Percent","10.4",""
"Haiti","Females","2011","UNAIDS_GARPR_","Percent","8.4",""
"Haiti","Females","2009","UNAIDS_GARPR_","Percent","5.3",""
"Haiti","< 25","2011","UNAIDS_GARPR_","Percent","6.72",""
"Haiti","25+","2011","UNAIDS_GARPR_","Percent","11.36",""
"Haiti","Total","2011","UNAIDS_GARPR_","Percent","8.4",""
"Haiti","Total","2009","UNAIDS_GARPR_","Percent","5.3",""
"Honduras","Females","2014","UNAIDS_GARPR_","Percent","4.4",""
"Honduras","Females","2011","UNAIDS_GARPR_","Percent","2.26",""
"Honduras","Females","2009","UNAIDS_GARPR_","Percent","2.3",""
"Honduras","Females","2007","UNAIDS_GARPR_","Percent","3",""
"Honduras","Males","2014","UNAIDS_GARPR_","Percent","17.7",""
"Honduras","Males","2011","UNAIDS_GARPR_","Percent","12",""
"Honduras","< 25","2011","UNAIDS_GARPR_","Percent","1.44",""
"Honduras","< 25","2009","UNAIDS_GARPR_","Percent","1",""
"Honduras","25+","2011","UNAIDS_GARPR_","Percent","3.81",""
"Honduras","25+","2009","UNAIDS_GARPR_","Percent","3.1",""
"Honduras","Total","2014","UNAIDS_GARPR_","Percent","4.4",""
"Honduras","Total","2011","UNAIDS_GARPR_","Percent","2.84",""
"Honduras","Total","2009","UNAIDS_GARPR_","Percent","2.3",""
"Honduras","Transgender","2014","UNAIDS_GARPR_","Percent","25.4",""
"India","Females","2013","UNAIDS_GARPR_","Percent","2.75",""
"India","Females","2012","UNAIDS_GARPR_","Percent","2.8",""
"India","Females","2009","UNAIDS_GARPR_","Percent","4.9",""
"India","Females","2007","UNAIDS_GARPR_","Percent","4.9",""
"India","< 25","2012","UNAIDS_GARPR_","Percent","1.7",""
"India","< 25","2007","UNAIDS_GARPR_","Percent","4.7",""
"India","25+","2013","UNAIDS_GARPR_","Percent","2.98",""
"India","25+","2012","UNAIDS_GARPR_","Percent","3",""
"India","25+","2007","UNAIDS_GARPR_","Percent","4.9",""
"India","Total","2013","UNAIDS_GARPR_","Percent","2.75",""
"India","Total","2009","UNAIDS_GARPR_","Percent","4.9",""
"Indonesia","Females","2011","UNAIDS_GARPR_","Percent","6.99",""
"Indonesia","Females","2009","UNAIDS_GARPR_","Percent","7.8",""
"Indonesia","Females","2007","UNAIDS_GARPR_","Percent","7.1",""
"Indonesia","Males","2011","UNAIDS_GARPR_","Percent","18.27",""
"Indonesia","Males","2009","UNAIDS_GARPR_","Percent","24.4",""
"Indonesia","Males","2007","UNAIDS_GARPR_","Percent","20.3",""
"Indonesia","< 25","2011","UNAIDS_GARPR_","Percent","8.02",""
"Indonesia","< 25","2009","UNAIDS_GARPR_","Percent","10.4",""
"Indonesia","< 25","2007","UNAIDS_GARPR_","Percent","8.4",""
"Indonesia","25+","2011","UNAIDS_GARPR_","Percent","9.37",""
"Indonesia","25+","2009","UNAIDS_GARPR_","Percent","10.1",""
"Indonesia","25+","2007","UNAIDS_GARPR_","Percent","10",""
"Indonesia","Total","2011","UNAIDS_GARPR_","Percent","8.99",""
"Indonesia","Total","2009","UNAIDS_GARPR_","Percent","10.2",""
"Iran (Islamic Republic of)","Females","2011","UNAIDS_GARPR_","Percent","3.67",""
"Iran (Islamic Republic of)","< 25","2013","UNAIDS_GARPR_","Percent","0",""
"Iran (Islamic Republic of)","< 25","2011","UNAIDS_GARPR_","Percent","0",""
"Iran (Islamic Republic of)","25+","2011","UNAIDS_GARPR_","Percent","4.89",""
"Ireland","Total","2013","UNAIDS_GARPR_","Percent","0",""
"Jamaica","Females","2013","UNAIDS_GARPR_","Percent","4.1",""
"Jamaica","Females","2011","UNAIDS_GARPR_","Percent","4.55",""
"Jamaica","Females","2009","UNAIDS_GARPR_","Percent","4.9",""
"Jamaica","Females","2007","UNAIDS_GARPR_","Percent","9.1",""
"Jamaica","< 25","2013","UNAIDS_GARPR_","Percent","1.32",""
"Jamaica","< 25","2011","UNAIDS_GARPR_","Percent","1.32",""
"Jamaica","< 25","2009","UNAIDS_GARPR_","Percent","3.7",""
"Jamaica","25+","2011","UNAIDS_GARPR_","Percent","6.37",""
"Jamaica","25+","2009","UNAIDS_GARPR_","Percent","5.9",""
"Jamaica","Total","2013","UNAIDS_GARPR_","Percent","4.1",""
"Jamaica","Total","2011","UNAIDS_GARPR_","Percent","4.55",""
"Jamaica","Total","2009","UNAIDS_GARPR_","Percent","4.9",""
"Japan","Females","2014","UNAIDS_GARPR_","Percent","0",""
"Japan","Total","2014","UNAIDS_GARPR_","Percent","0",""
"Jordan","Total","2013","UNAIDS_GARPR_","Percent","0.45",""
"Kazakhstan","Females","2013","UNAIDS_GARPR_","Percent","1.5",""
"Kazakhstan","Females","2012","UNAIDS_GARPR_","Percent","1.2",""
"Kazakhstan","Females","2011","UNAIDS_GARPR_","Percent","1.49",""
"Kazakhstan","Females","2009","UNAIDS_GARPR_","Percent","1.3",""
"Kazakhstan","Females","2007","UNAIDS_GARPR_","Percent","2.3",""
"Kazakhstan","Males","2007","UNAIDS_GARPR_","Percent","0",""
"Kazakhstan","< 25","2013","UNAIDS_GARPR_","Percent","0.9",""
"Kazakhstan","< 25","2012","UNAIDS_GARPR_","Percent","1",""
"Kazakhstan","< 25","2011","UNAIDS_GARPR_","Percent","0.62",""
"Kazakhstan","< 25","2009","UNAIDS_GARPR_","Percent","0.5",""
"Kazakhstan","< 25","2007","UNAIDS_GARPR_","Percent","1.1",""
"Kazakhstan","25+","2013","UNAIDS_GARPR_","Percent","1.8",""
"Kazakhstan","25+","2012","UNAIDS_GARPR_","Percent","1.4",""
"Kazakhstan","25+","2011","UNAIDS_GARPR_","Percent","2.11",""
"Kazakhstan","25+","2009","UNAIDS_GARPR_","Percent","1.9",""
"Kazakhstan","25+","2007","UNAIDS_GARPR_","Percent","3.3",""
"Kazakhstan","Total","2013","UNAIDS_GARPR_","Percent","1.5",""
"Kazakhstan","Total","2012","UNAIDS_GARPR_","Percent","1.2",""
"Kazakhstan","Total","2011","UNAIDS_GARPR_","Percent","1.49",""
"Kazakhstan","Total","2009","UNAIDS_GARPR_","Percent","1.3",""
"Kenya","Females","2011","UNAIDS_GARPR_","Percent","29.3",""
"Kyrgyzstan","Females","2013","UNAIDS_GARPR_","Percent","2.2",""
"Kyrgyzstan","Females","2011","UNAIDS_GARPR_","Percent","3.39",""
"Kyrgyzstan","Females","2009","UNAIDS_GARPR_","Percent","1.6",""
"Kyrgyzstan","Females","2007","UNAIDS_GARPR_","Percent","1.4",""
"Kyrgyzstan","Males","2011","UNAIDS_GARPR_","Percent","16.67",""
"Kyrgyzstan","< 25","2013","UNAIDS_GARPR_","Percent","2",""
"Kyrgyzstan","< 25","2011","UNAIDS_GARPR_","Percent","3.52",""
"Kyrgyzstan","< 25","2009","UNAIDS_GARPR_","Percent","2",""
"Kyrgyzstan","< 25","2007","UNAIDS_GARPR_","Percent","1.5",""
"Kyrgyzstan","25+","2013","UNAIDS_GARPR_","Percent","2.4",""
"Kyrgyzstan","25+","2011","UNAIDS_GARPR_","Percent","3.55",""
"Kyrgyzstan","25+","2009","UNAIDS_GARPR_","Percent","1.2",""
"Kyrgyzstan","25+","2007","UNAIDS_GARPR_","Percent","1.4",""
"Kyrgyzstan","Total","2013","UNAIDS_GARPR_","Percent","2.2",""
"Kyrgyzstan","Total","2011","UNAIDS_GARPR_","Percent","3.54",""
"Kyrgyzstan","Total","2009","UNAIDS_GARPR_","Percent","1.6",""
"Lao People's Democratic Republic","Females","2014","UNAIDS_GARPR_","Percent","1.4",""
"Lao People's Democratic Republic","Females","2011","UNAIDS_GARPR_","Percent","0.98",""
"Lao People's Democratic Republic","Females","2009","UNAIDS_GARPR_","Percent","0.5",""
"Lao People's Democratic Republic","< 25","2014","UNAIDS_GARPR_","Percent","1.3",""
"Lao People's Democratic Republic","< 25","2011","UNAIDS_GARPR_","Percent","0.81",""
"Lao People's Democratic Republic","< 25","2009","UNAIDS_GARPR_","Percent","0.6",""
"Lao People's Democratic Republic","25+","2014","UNAIDS_GARPR_","Percent","1.9",""
"Lao People's Democratic Republic","25+","2011","UNAIDS_GARPR_","Percent","2.08",""
"Lao People's Democratic Republic","25+","2009","UNAIDS_GARPR_","Percent","0",""
"Lao People's Democratic Republic","Total","2011","UNAIDS_GARPR_","Percent","0.98",""
"Lao People's Democratic Republic","Total","2009","UNAIDS_GARPR_","Percent","0.5",""
"Latvia","Females","2011","UNAIDS_GARPR_","Percent","22.22",""
"Latvia","< 25","2011","UNAIDS_GARPR_","Percent","15",""
"Latvia","25+","2011","UNAIDS_GARPR_","Percent","23.71",""
"Latvia","Total","2011","UNAIDS_GARPR_","Percent","22.22",""
"Lebanon","Total","2013","UNAIDS_GARPR_","Percent","1",""
"Lebanon","Total","2009","UNAIDS_GARPR_","Percent","0",""
"Lesotho","Females","2014","UNAIDS_GARPR_","Percent","71.9",""
"Lesotho","Total","2014","UNAIDS_GARPR_","Percent","71.9",""
"Liberia","Females","2013","UNAIDS_GARPR_","Percent","9.8",""
"Lithuania","Females","2011","UNAIDS_GARPR_","Percent","6.67",""
"Lithuania","Females","2009","UNAIDS_GARPR_","Percent","0",""
"Lithuania","Females","2007","UNAIDS_GARPR_","Percent","0",""
"Lithuania","Males","2007","UNAIDS_GARPR_","Percent","0",""
"Lithuania","< 25","2011","UNAIDS_GARPR_","Percent","0",""
"Lithuania","< 25","2009","UNAIDS_GARPR_","Percent","0",""
"Lithuania","< 25","2007","UNAIDS_GARPR_","Percent","0",""
"Lithuania","25+","2011","UNAIDS_GARPR_","Percent","10",""
"Lithuania","25+","2009","UNAIDS_GARPR_","Percent","0",""
"Lithuania","25+","2007","UNAIDS_GARPR_","Percent","0",""
"Lithuania","Total","2013","UNAIDS_GARPR_","Percent","1.8",""
"Lithuania","Total","2012","UNAIDS_GARPR_","Percent","0.3",""
"Lithuania","Total","2011","UNAIDS_GARPR_","Percent","6.67",""
"Lithuania","Total","2009","UNAIDS_GARPR_","Percent","0",""
"Madagascar","Females","2013","UNAIDS_GARPR_","Percent","1.3",""
"Madagascar","Females","2011","UNAIDS_GARPR_","Percent","0.29",""
"Madagascar","Females","2009","UNAIDS_GARPR_","Percent","0.5",""
"Madagascar","Females","2007","UNAIDS_GARPR_","Percent","0.5",""
"Madagascar","< 25","2011","UNAIDS_GARPR_","Percent","0.33",""
"Madagascar","< 25","2007","UNAIDS_GARPR_","Percent","0.5",""
"Madagascar","25+","2011","UNAIDS_GARPR_","Percent","0.26",""
"Madagascar","25+","2007","UNAIDS_GARPR_","Percent","0.5",""
"Madagascar","Total","2011","UNAIDS_GARPR_","Percent","0.29",""
"Malawi","Females","2009","UNAIDS_GARPR_","Percent","70.7",""
"Malawi","Females","2007","UNAIDS_GARPR_","Percent","69.1",""
"Malawi","Total","2014","UNAIDS_GARPR_","Percent","24.9",""
"Malawi","Total","2013","UNAIDS_GARPR_","Percent","23.1",""
"Malaysia","Females","2014","UNAIDS_GARPR_","Percent","7.3",""
"Malaysia","Females","2012","UNAIDS_GARPR_","Percent","4.2",""
"Malaysia","< 25","2014","UNAIDS_GARPR_","Percent","3.6",""
"Malaysia","< 25","2012","UNAIDS_GARPR_","Percent","1.1",""
"Malaysia","25+","2014","UNAIDS_GARPR_","Percent","8.4",""
"Malaysia","25+","2013","UNAIDS_GARPR_","Percent","4.99",""
"Malaysia","25+","2012","UNAIDS_GARPR_","Percent","5",""
"Malaysia","Total","2014","UNAIDS_GARPR_","Percent","7.3",""
"Malaysia","Total","2013","UNAIDS_GARPR_","Percent","4.17",""
"Malaysia","Total","2012","UNAIDS_GARPR_","Percent","4.2",""
"Malaysia","Total","2011","UNAIDS_GARPR_","Percent","0.28",""
"Malaysia","Total","2009","UNAIDS_GARPR_","Percent","10.5",""
"Maldives","< 25","2009","UNAIDS_GARPR_","Percent","0",""
"Maldives","25+","2009","UNAIDS_GARPR_","Percent","0",""
"Maldives","Total","2009","UNAIDS_GARPR_","Percent","0",""
"Mali","Females","2014","UNAIDS_GARPR_","Percent","24.2",""
"Mali","Females","2011","UNAIDS_GARPR_","Percent","24.2",""
"Mali","Females","2009","UNAIDS_GARPR_","Percent","35.3",""
"Mali","Females","2007","UNAIDS_GARPR_","Percent","35.3",""
"Mali","< 25","2009","UNAIDS_GARPR_","Percent","25.7",""
"Mali","< 25","2007","UNAIDS_GARPR_","Percent","25.7",""
"Mali","25+","2009","UNAIDS_GARPR_","Percent","40.7",""
"Mali","25+","2007","UNAIDS_GARPR_","Percent","40.7",""
"Mali","Total","2014","UNAIDS_GARPR_","Percent","24.2",""
"Mali","Total","2013","UNAIDS_GARPR_","Percent","24.2",""
"Mali","Total","2009","UNAIDS_GARPR_","Percent","35.3",""
"Mauritania","Females","2014","UNAIDS_GARPR_","Percent","4",""
"Mauritania","Females","2011","UNAIDS_GARPR_","Percent","7.56",""
"Mauritania","Females","2009","UNAIDS_GARPR_","Percent","7.6",""
"Mauritania","< 25","2014","UNAIDS_GARPR_","Percent","0",""
"Mauritania","25+","2014","UNAIDS_GARPR_","Percent","4.6",""
"Mauritania","Total","2014","UNAIDS_GARPR_","Percent","4",""
"Mauritania","Total","2011","UNAIDS_GARPR_","Percent","7.56",""
"Mauritania","Total","2009","UNAIDS_GARPR_","Percent","7.6",""
"Mauritius","Females","2013","UNAIDS_GARPR_","Percent","24.25",""
"Mauritius","Females","2012","UNAIDS_GARPR_","Percent","24.3",""
"Mauritius","Females","2011","UNAIDS_GARPR_","Percent","31.77",""
"Mauritius","< 25","2012","UNAIDS_GARPR_","Percent","11.1",""
"Mauritius","< 25","2011","UNAIDS_GARPR_","Percent","16.42",""
"Mauritius","25+","2012","UNAIDS_GARPR_","Percent","28.6",""
"Mauritius","25+","2011","UNAIDS_GARPR_","Percent","36.21",""
"Mauritius","Total","2012","UNAIDS_GARPR_","Percent","22.3",""
"Mauritius","Total","2011","UNAIDS_GARPR_","Percent","31.77",""
"Mexico","Females","2013","UNAIDS_GARPR_","Percent","0.7",""
"Mexico","Females","2011","UNAIDS_GARPR_","Percent","0.63",""
"Mexico","Females","2009","UNAIDS_GARPR_","Percent","0.9",""
"Mexico","Females","2007","UNAIDS_GARPR_","Percent","1",""
"Mexico","Males","2013","UNAIDS_GARPR_","Percent","24.1",""
"Mexico","Males","2011","UNAIDS_GARPR_","Percent","18.24",""
"Mexico","Males","2009","UNAIDS_GARPR_","Percent","9",""
"Mexico","Males","2007","UNAIDS_GARPR_","Percent","15.1",""
"Mexico","< 25","2013","UNAIDS_GARPR_","Percent","8.1",""
"Mexico","< 25","2011","UNAIDS_GARPR_","Percent","0.94",""
"Mexico","< 25","2009","UNAIDS_GARPR_","Percent","1.7",""
"Mexico","< 25","2007","UNAIDS_GARPR_","Percent","5.4",""
"Mexico","25+","2013","UNAIDS_GARPR_","Percent","6.4",""
"Mexico","25+","2011","UNAIDS_GARPR_","Percent","1.12",""
"Mexico","25+","2009","UNAIDS_GARPR_","Percent","1.7",""
"Mexico","25+","2007","UNAIDS_GARPR_","Percent","5.6",""
"Mexico","Total","2013","UNAIDS_GARPR_","Percent","7",""
"Mexico","Total","2011","UNAIDS_GARPR_","Percent","1.06",""
"Mexico","Total","2009","UNAIDS_GARPR_","Percent","1.7",""
"Mexico","Transgender","2013","UNAIDS_GARPR_","Percent","15.5",""
"Micronesia (Federated States of)","Total","2013","UNAIDS_GARPR_","Percent","0",""
"Mongolia","Females","2014","UNAIDS_GARPR_","Percent","0",""
"Mongolia","Females","2012","UNAIDS_GARPR_","Percent","0",""
"Mongolia","Females","2011","UNAIDS_GARPR_","Percent","0",""
"Mongolia","< 25","2014","UNAIDS_GARPR_","Percent","0",""
"Mongolia","< 25","2013","UNAIDS_GARPR_","Percent","0",""
"Mongolia","< 25","2012","UNAIDS_GARPR_","Percent","0",""
"Mongolia","25+","2014","UNAIDS_GARPR_","Percent","0",""
"Mongolia","25+","2013","UNAIDS_GARPR_","Percent","0",""
"Mongolia","25+","2012","UNAIDS_GARPR_","Percent","0",""
"Mongolia","Total","2014","UNAIDS_GARPR_","Percent","0",""
"Mongolia","Total","2011","UNAIDS_GARPR_","Percent","0",""
"Montenegro","Females","2012","UNAIDS_GARPR_","Percent","0",""
"Montenegro","Females","2011","UNAIDS_GARPR_","Percent","1.14",""
"Montenegro","Females","2009","UNAIDS_GARPR_","Percent","0.8",""
"Montenegro","Males","2009","UNAIDS_GARPR_","Percent","0",""
"Montenegro","< 25","2012","UNAIDS_GARPR_","Percent","0",""
"Montenegro","< 25","2011","UNAIDS_GARPR_","Percent","0",""
"Montenegro","< 25","2009","UNAIDS_GARPR_","Percent","0",""
"Montenegro","25+","2012","UNAIDS_GARPR_","Percent","0",""
"Montenegro","25+","2011","UNAIDS_GARPR_","Percent","1.54",""
"Montenegro","25+","2009","UNAIDS_GARPR_","Percent","1.3",""
"Montenegro","Total","2012","UNAIDS_GARPR_","Percent","0",""
"Montenegro","Total","2011","UNAIDS_GARPR_","Percent","1.14",""
"Montenegro","Total","2009","UNAIDS_GARPR_","Percent","0.8",""
"Morocco","Females","2011","UNAIDS_GARPR_","Percent","1.98",""
"Morocco","Females","2009","UNAIDS_GARPR_","Percent","2.4",""
"Morocco","Females","2007","UNAIDS_GARPR_","Percent","2.6",""
"Morocco","< 25","2013","UNAIDS_GARPR_","Percent","1.03",""
"Morocco","< 25","2011","UNAIDS_GARPR_","Percent","1.03",""
"Morocco","< 25","2009","UNAIDS_GARPR_","Percent","1.4",""
"Morocco","< 25","2007","UNAIDS_GARPR_","Percent","1.8",""
"Morocco","25+","2011","UNAIDS_GARPR_","Percent","2.22",""
"Morocco","25+","2009","UNAIDS_GARPR_","Percent","2.7",""
"Morocco","25+","2007","UNAIDS_GARPR_","Percent","2.9",""
"Morocco","Total","2011","UNAIDS_GARPR_","Percent","1.98",""
"Morocco","Total","2009","UNAIDS_GARPR_","Percent","2.4",""
"Myanmar","Females","2011","UNAIDS_GARPR_","Percent","9.39",""
"Myanmar","Females","2009","UNAIDS_GARPR_","Percent","18.1",""
"Myanmar","Females","2007","UNAIDS_GARPR_","Percent","33.5",""
"Myanmar","< 25","2014","UNAIDS_GARPR_","Percent","6.2",""
"Myanmar","< 25","2013","UNAIDS_GARPR_","Percent","7.1",""
"Myanmar","< 25","2012","UNAIDS_GARPR_","Percent","5.9",""
"Myanmar","< 25","2011","UNAIDS_GARPR_","Percent","9.14",""
"Myanmar","< 25","2009","UNAIDS_GARPR_","Percent","13.6",""
"Myanmar","< 25","2007","UNAIDS_GARPR_","Percent","36.1",""
"Myanmar","25+","2014","UNAIDS_GARPR_","Percent","6.3",""
"Myanmar","25+","2013","UNAIDS_GARPR_","Percent","9.2",""
"Myanmar","25+","2012","UNAIDS_GARPR_","Percent","8.4",""
"Myanmar","25+","2011","UNAIDS_GARPR_","Percent","9.66",""
"Myanmar","25+","2009","UNAIDS_GARPR_","Percent","22.7",""
"Myanmar","25+","2007","UNAIDS_GARPR_","Percent","29.6",""
"Myanmar","Total","2014","UNAIDS_GARPR_","Percent","6.3",""
"Myanmar","Total","2013","UNAIDS_GARPR_","Percent","8.1",""
"Myanmar","Total","2012","UNAIDS_GARPR_","Percent","7.1",""
"Myanmar","Total","2011","UNAIDS_GARPR_","Percent","9.39",""
"Myanmar","Total","2009","UNAIDS_GARPR_","Percent","18.1",""
"Nepal","Females","2011","UNAIDS_GARPR_","Percent","1.69",""
"Nepal","Females","2009","UNAIDS_GARPR_","Percent","2.2",""
"Nepal","Females","2007","UNAIDS_GARPR_","Percent","1.4",""
"Nepal","Males","2013","UNAIDS_GARPR_","Percent","6.8",""
"Nepal","Males","2011","UNAIDS_GARPR_","Percent","5.19",""
"Nepal","Males","2009","UNAIDS_GARPR_","Percent","5.2",""
"Nepal","Males","2007","UNAIDS_GARPR_","Percent","3",""
"Netherlands","Females","2011","UNAIDS_GARPR_","Percent","2",""
"New Zealand","Females","2007","UNAIDS_GARPR_","Percent","0",""
"New Zealand","Males","2007","UNAIDS_GARPR_","Percent","0",""
"Nicaragua","Females","2014","UNAIDS_GARPR_","Percent","2.1",""
"Nicaragua","Females","2011","UNAIDS_GARPR_","Percent","1.95",""
"Nicaragua","< 25","2011","UNAIDS_GARPR_","Percent","1.18",""
"Nicaragua","25+","2011","UNAIDS_GARPR_","Percent","2.49",""
"Nicaragua","Total","2014","UNAIDS_GARPR_","Percent","2.1",""
"Nicaragua","Total","2011","UNAIDS_GARPR_","Percent","1.95",""
"Niger","Females","2012","UNAIDS_GARPR_","Percent","17.3",""
"Niger","Females","2011","UNAIDS_GARPR_","Percent","35.58",""
"Niger","Females","2009","UNAIDS_GARPR_","Percent","35.6",""
"Niger","Females","2007","UNAIDS_GARPR_","Percent","38.4",""
"Niger","< 25","2012","UNAIDS_GARPR_","Percent","17.2",""
"Niger","< 25","2011","UNAIDS_GARPR_","Percent","23.24",""
"Niger","< 25","2009","UNAIDS_GARPR_","Percent","23.2",""
"Niger","< 25","2007","UNAIDS_GARPR_","Percent","97",""
"Niger","25+","2012","UNAIDS_GARPR_","Percent","17.4",""
"Niger","25+","2011","UNAIDS_GARPR_","Percent","39.72",""
"Niger","25+","2009","UNAIDS_GARPR_","Percent","39.7",""
"Niger","25+","2007","UNAIDS_GARPR_","Percent","10.2",""
"Niger","Total","2012","UNAIDS_GARPR_","Percent","17.3",""
"Niger","Total","2011","UNAIDS_GARPR_","Percent","35.58",""
"Niger","Total","2009","UNAIDS_GARPR_","Percent","35.6",""
"Nigeria","Females","2011","UNAIDS_GARPR_","Percent","25.21",""
"Nigeria","Females","2009","UNAIDS_GARPR_","Percent","32.7",""
"Nigeria","Females","2007","UNAIDS_GARPR_","Percent","32.7",""
"Nigeria","Males","2011","UNAIDS_GARPR_","Percent","18.58",""
"Nigeria","< 25","2011","UNAIDS_GARPR_","Percent","18.97",""
"Nigeria","< 25","2009","UNAIDS_GARPR_","Percent","26.8",""
"Nigeria","< 25","2007","UNAIDS_GARPR_","Percent","26.8",""
"Nigeria","25+","2011","UNAIDS_GARPR_","Percent","28.68",""
"Nigeria","25+","2009","UNAIDS_GARPR_","Percent","38.3",""
"Nigeria","25+","2007","UNAIDS_GARPR_","Percent","38.3",""
"Nigeria","Total","2013","UNAIDS_GARPR_","Percent","24.5",""
"Nigeria","Total","2011","UNAIDS_GARPR_","Percent","24.46",""
"Nigeria","Total","2009","UNAIDS_GARPR_","Percent","32.7",""
"Pakistan","Females","2014","UNAIDS_GARPR_","Percent","0.6",""
"Pakistan","Females","2011","UNAIDS_GARPR_","Percent","0.59",""
"Pakistan","Females","2009","UNAIDS_GARPR_","Percent","1",""
"Pakistan","Females","2007","UNAIDS_GARPR_","Percent","0",""
"Pakistan","Males","2014","UNAIDS_GARPR_","Percent","1.6",""
"Pakistan","Males","2013","UNAIDS_GARPR_","Percent","1.6",""
"Pakistan","Males","2011","UNAIDS_GARPR_","Percent","3.45",""
"Pakistan","Males","2009","UNAIDS_GARPR_","Percent","3.5",""
"Pakistan","Males","2007","UNAIDS_GARPR_","Percent","1.8",""
"Pakistan","< 25","2014","UNAIDS_GARPR_","Percent","2.1",""
"Pakistan","< 25","2013","UNAIDS_GARPR_","Percent","2.1",""
"Pakistan","< 25","2011","UNAIDS_GARPR_","Percent","2.21",""
"Pakistan","< 25","2009","UNAIDS_GARPR_","Percent","2.4",""
"Pakistan","< 25","2007","UNAIDS_GARPR_","Percent","0.8",""
"Pakistan","25+","2014","UNAIDS_GARPR_","Percent","2.5",""
"Pakistan","25+","2013","UNAIDS_GARPR_","Percent","2.5",""
"Pakistan","25+","2011","UNAIDS_GARPR_","Percent","2.56",""
"Pakistan","25+","2009","UNAIDS_GARPR_","Percent","2.3",""
"Pakistan","25+","2007","UNAIDS_GARPR_","Percent","0.9",""
"Pakistan","Total","2014","UNAIDS_GARPR_","Percent","2.5",""
"Pakistan","Total","2013","UNAIDS_GARPR_","Percent","2.5",""
"Pakistan","Total","2011","UNAIDS_GARPR_","Percent","2.4",""
"Pakistan","Total","2009","UNAIDS_GARPR_","Percent","2.3",""
"Pakistan","Transgender","2014","UNAIDS_GARPR_","Percent","5.2",""
"Pakistan","Transgender","2013","UNAIDS_GARPR_","Percent","5.2",""
"Panama","Females","2014","UNAIDS_GARPR_","Percent","0.8",""
"Panama","Females","2013","UNAIDS_GARPR_","Percent","1.9",""
"Panama","Females","2012","UNAIDS_GARPR_","Percent","0.7",""
"Panama","Females","2011","UNAIDS_GARPR_","Percent","1.9",""
"Panama","Males","2014","UNAIDS_GARPR_","Percent","0",""
"Panama","Males","2013","UNAIDS_GARPR_","Percent","20",""
"Panama","< 25","2013","UNAIDS_GARPR_","Percent","6.4",""
"Panama","25+","2013","UNAIDS_GARPR_","Percent","4.5",""
"Panama","Total","2014","UNAIDS_GARPR_","Percent","0.95",""
"Panama","Total","2013","UNAIDS_GARPR_","Percent","5",""
"Panama","Total","2011","UNAIDS_GARPR_","Percent","1.9",""
"Panama","Transgender","2014","UNAIDS_GARPR_","Percent","10",""
"Panama","Transgender","2013","UNAIDS_GARPR_","Percent","31.6",""
"Papua New Guinea","Females","2011","UNAIDS_GARPR_","Percent","19.03",""
"Papua New Guinea","Females","2009","UNAIDS_GARPR_","Percent","7.4",""
"Papua New Guinea","Males","2011","UNAIDS_GARPR_","Percent","14.15",""
"Papua New Guinea","Males","2009","UNAIDS_GARPR_","Percent","2.1",""
"Papua New Guinea","< 25","2011","UNAIDS_GARPR_","Percent","12.74",""
"Papua New Guinea","< 25","2009","UNAIDS_GARPR_","Percent","7.2",""
"Papua New Guinea","25+","2011","UNAIDS_GARPR_","Percent","20.93",""
"Papua New Guinea","25+","2009","UNAIDS_GARPR_","Percent","4.8",""
"Papua New Guinea","Total","2011","UNAIDS_GARPR_","Percent","17.79",""
"Papua New Guinea","Total","2009","UNAIDS_GARPR_","Percent","5.9",""
"Paraguay","Females","2014","UNAIDS_GARPR_","Percent","1.4",""
"Paraguay","Females","2013","UNAIDS_GARPR_","Percent","2.2",""
"Paraguay","Females","2012","UNAIDS_GARPR_","Percent","2",""
"Paraguay","Females","2011","UNAIDS_GARPR_","Percent","1.98",""
"Paraguay","Females","2009","UNAIDS_GARPR_","Percent","1.8",""
"Paraguay","Females","2007","UNAIDS_GARPR_","Percent","1.8",""
"Paraguay","Males","2007","UNAIDS_GARPR_","Percent","10.3",""
"Paraguay","< 25","2014","UNAIDS_GARPR_","Percent","3.6",""
"Paraguay","< 25","2013","UNAIDS_GARPR_","Percent","1.7",""
"Paraguay","< 25","2007","UNAIDS_GARPR_","Percent","3",""
"Paraguay","25+","2014","UNAIDS_GARPR_","Percent","9.4",""
"Paraguay","25+","2013","UNAIDS_GARPR_","Percent","2.7",""
"Paraguay","25+","2007","UNAIDS_GARPR_","Percent","5.2",""
"Paraguay","Total","2014","UNAIDS_GARPR_","Percent","7",""
"Paraguay","Total","2013","UNAIDS_GARPR_","Percent","2.2",""
"Paraguay","Total","2012","UNAIDS_GARPR_","Percent","2",""
"Paraguay","Total","2011","UNAIDS_GARPR_","Percent","1.98",""
"Paraguay","Total","2009","UNAIDS_GARPR_","Percent","1.8",""
"Paraguay","Transgender","2014","UNAIDS_GARPR_","Percent","28.5",""
"Paraguay","Transgender","2013","UNAIDS_GARPR_","Percent","26.2",""
"Peru","Females","2014","UNAIDS_GARPR_","Percent","0.4",""
"Peru","Females","2013","UNAIDS_GARPR_","Percent","2.4",""
"Peru","Females","2007","UNAIDS_GARPR_","Percent","0.5",""
"Peru","Males","2013","UNAIDS_GARPR_","Percent","23",""
"Peru","Males","2011","UNAIDS_GARPR_","Percent","14.57",""
"Peru","< 25","2014","UNAIDS_GARPR_","Percent","0.4",""
"Peru","< 25","2007","UNAIDS_GARPR_","Percent","0.2",""
"Peru","25+","2014","UNAIDS_GARPR_","Percent","0.4",""
"Peru","25+","2007","UNAIDS_GARPR_","Percent","0.7",""
"Peru","Total","2014","UNAIDS_GARPR_","Percent","0.4",""
"Peru","Transgender","2013","UNAIDS_GARPR_","Percent","20.8",""
"Philippines","Females","2014","UNAIDS_GARPR_","Percent","0.4",""
"Philippines","Females","2011","UNAIDS_GARPR_","Percent","0.27",""
"Philippines","Females","2009","UNAIDS_GARPR_","Percent","0.2",""
"Philippines","Females","2007","UNAIDS_GARPR_","Percent","0.1",""
"Philippines","Males","2014","UNAIDS_GARPR_","Percent","1.1",""
"Philippines","Males","2013","UNAIDS_GARPR_","Percent","1.1",""
"Philippines","Males","2011","UNAIDS_GARPR_","Percent","0",""
"Philippines","< 25","2014","UNAIDS_GARPR_","Percent","0.7",""
"Philippines","< 25","2013","UNAIDS_GARPR_","Percent","2.1",""
"Philippines","< 25","2011","UNAIDS_GARPR_","Percent","0.25",""
"Philippines","< 25","2009","UNAIDS_GARPR_","Percent","0.1",""
"Philippines","25+","2014","UNAIDS_GARPR_","Percent","0.5",""
"Philippines","25+","2013","UNAIDS_GARPR_","Percent","1.4",""
"Philippines","25+","2011","UNAIDS_GARPR_","Percent","0.29",""
"Philippines","25+","2009","UNAIDS_GARPR_","Percent","0.1",""
"Philippines","25+","2007","UNAIDS_GARPR_","Percent","0.2",""
"Philippines","Total","2014","UNAIDS_GARPR_","Percent","0.6",""
"Philippines","Total","2013","UNAIDS_GARPR_","Percent","1.8",""
"Philippines","Total","2011","UNAIDS_GARPR_","Percent","0.26",""
"Philippines","Total","2009","UNAIDS_GARPR_","Percent","0.2",""
"Philippines","Transgender","2014","UNAIDS_GARPR_","Percent","3.7",""
"Philippines","Transgender","2013","UNAIDS_GARPR_","Percent","3.7",""
"Portugal","Females","2011","UNAIDS_GARPR_","Percent","7.95",""
"Portugal","Males","2011","UNAIDS_GARPR_","Percent","13.51",""
"Portugal","< 25","2013","UNAIDS_GARPR_","Percent","1.6",""
"Portugal","< 25","2011","UNAIDS_GARPR_","Percent","9.09",""
"Portugal","25+","2013","UNAIDS_GARPR_","Percent","6.1",""
"Portugal","25+","2011","UNAIDS_GARPR_","Percent","8.88",""
"Portugal","Total","2013","UNAIDS_GARPR_","Percent","5.7",""
"Portugal","Total","2011","UNAIDS_GARPR_","Percent","8.92",""
"Republic of Moldova","Females","2013","UNAIDS_GARPR_","Percent","11.6",""
"Republic of Moldova","Females","2009","UNAIDS_GARPR_","Percent","6.1",""
"Republic of Moldova","Females","2007","UNAIDS_GARPR_","Percent","2.9",""
"Republic of Moldova","Males","2007","UNAIDS_GARPR_","Percent","0",""
"Republic of Moldova","< 25","2013","UNAIDS_GARPR_","Percent","6.7",""
"Republic of Moldova","< 25","2009","UNAIDS_GARPR_","Percent","1.7",""
"Republic of Moldova","< 25","2007","UNAIDS_GARPR_","Percent","2",""
"Republic of Moldova","25+","2013","UNAIDS_GARPR_","Percent","13.5",""
"Republic of Moldova","25+","2009","UNAIDS_GARPR_","Percent","7.1",""
"Republic of Moldova","25+","2007","UNAIDS_GARPR_","Percent","3.5",""
"Republic of Moldova","Total","2013","UNAIDS_GARPR_","Percent","11.6",""
"Republic of Moldova","Total","2009","UNAIDS_GARPR_","Percent","6.1",""
"Romania","Females","2011","UNAIDS_GARPR_","Percent","1",""
"Romania","Females","2009","UNAIDS_GARPR_","Percent","1",""
"Romania","< 25","2013","UNAIDS_GARPR_","Percent","1.4",""
"Romania","25+","2013","UNAIDS_GARPR_","Percent","0.6",""
"Romania","Total","2009","UNAIDS_GARPR_","Percent","1",""
"Russian Federation","Females","2009","UNAIDS_GARPR_","Percent","4.5",""
"Russian Federation","< 25","2009","UNAIDS_GARPR_","Percent","4.1",""
"Russian Federation","25+","2009","UNAIDS_GARPR_","Percent","5.1",""
"Russian Federation","Total","2009","UNAIDS_GARPR_","Percent","4.5",""
"Rwanda","Females","2011","UNAIDS_GARPR_","Percent","50.81",""
"Rwanda","< 25","2011","UNAIDS_GARPR_","Percent","42.07",""
"Rwanda","25+","2011","UNAIDS_GARPR_","Percent","57.74",""
"Rwanda","Total","2011","UNAIDS_GARPR_","Percent","50.81",""
"Sao Tome and Principe","Females","2013","UNAIDS_GARPR_","Percent","1.1",""
"Sao Tome and Principe","Females","2012","UNAIDS_GARPR_","Percent","0",""
"Sao Tome and Principe","Females","2009","UNAIDS_GARPR_","Percent","4.2",""
"Sao Tome and Principe","< 25","2013","UNAIDS_GARPR_","Percent","0",""
"Sao Tome and Principe","25+","2013","UNAIDS_GARPR_","Percent","1.9",""
"Sao Tome and Principe","25+","2012","UNAIDS_GARPR_","Percent","0",""
"Sao Tome and Principe","25+","2009","UNAIDS_GARPR_","Percent","4.2",""
"Sao Tome and Principe","Total","2012","UNAIDS_GARPR_","Percent","0",""
"Sao Tome and Principe","Total","2009","UNAIDS_GARPR_","Percent","4.2",""
"Senegal","Females","2013","UNAIDS_GARPR_","Percent","18.5",""
"Senegal","Females","2011","UNAIDS_GARPR_","Percent","18.45",""
"Senegal","Females","2009","UNAIDS_GARPR_","Percent","19.8",""
"Senegal","Females","2007","UNAIDS_GARPR_","Percent","19.8",""
"Senegal","< 25","2011","UNAIDS_GARPR_","Percent","14.96",""
"Senegal","< 25","2009","UNAIDS_GARPR_","Percent","9.5",""
"Senegal","< 25","2007","UNAIDS_GARPR_","Percent","9.5",""
"Senegal","25+","2011","UNAIDS_GARPR_","Percent","19.27",""
"Senegal","25+","2009","UNAIDS_GARPR_","Percent","21",""
"Senegal","25+","2007","UNAIDS_GARPR_","Percent","21",""
"Senegal","Total","2013","UNAIDS_GARPR_","Percent","18.5",""
"Senegal","Total","2011","UNAIDS_GARPR_","Percent","18.45",""
"Senegal","Total","2009","UNAIDS_GARPR_","Percent","19.8",""
"Serbia","Females","2012","UNAIDS_GARPR_","Percent","0",""
"Serbia","Females","2011","UNAIDS_GARPR_","Percent","0.65",""
"Serbia","Females","2009","UNAIDS_GARPR_","Percent","0",""
"Serbia","Males","2013","UNAIDS_GARPR_","Percent","0",""
"Serbia","Males","2012","UNAIDS_GARPR_","Percent","6.9",""
"Serbia","Males","2011","UNAIDS_GARPR_","Percent","1.05",""
"Serbia","Males","2009","UNAIDS_GARPR_","Percent","5.6",""
"Serbia","< 25","2013","UNAIDS_GARPR_","Percent","0",""
"Serbia","< 25","2012","UNAIDS_GARPR_","Percent","2",""
"Serbia","< 25","2011","UNAIDS_GARPR_","Percent","1.2",""
"Serbia","< 25","2009","UNAIDS_GARPR_","Percent","1.7",""
"Serbia","25+","2013","UNAIDS_GARPR_","Percent","2.3",""
"Serbia","25+","2012","UNAIDS_GARPR_","Percent","2",""
"Serbia","25+","2011","UNAIDS_GARPR_","Percent","0.6",""
"Serbia","25+","2009","UNAIDS_GARPR_","Percent","2.5",""
"Serbia","Total","2013","UNAIDS_GARPR_","Percent","1.6",""
"Serbia","Total","2012","UNAIDS_GARPR_","Percent","2",""
"Serbia","Total","2011","UNAIDS_GARPR_","Percent","0.8",""
"Serbia","Total","2009","UNAIDS_GARPR_","Percent","2.2",""
"Serbia","Transgender","2013","UNAIDS_GARPR_","Percent","10.5",""
"Sierra Leone","Females","2009","UNAIDS_GARPR_","Percent","8.5",""
"Sierra Leone","Females","2007","UNAIDS_GARPR_","Percent","8.5",""
"Sierra Leone","Total","2013","UNAIDS_GARPR_","Percent","8.5",""
"Sierra Leone","Total","2011","UNAIDS_GARPR_","Percent","8.47",""
"Singapore","Females","2014","UNAIDS_GARPR_","Percent","0",""
"Singapore","Females","2013","UNAIDS_GARPR_","Percent","0.04",""
"Singapore","Females","2007","UNAIDS_GARPR_","Percent","0",""
"Singapore","Total","2014","UNAIDS_GARPR_","Percent","0",""
"Singapore","Total","2013","UNAIDS_GARPR_","Percent","0.04",""
"Singapore","Total","2009","UNAIDS_GARPR_","Percent","0.3",""
"Somalia","Females","2014","UNAIDS_GARPR_","Percent","5.2",""
"Somalia","Females","2011","UNAIDS_GARPR_","Percent","0",""
"Somalia","Females","2009","UNAIDS_GARPR_","Percent","5.5",""
"Somalia","Total","2014","UNAIDS_GARPR_","Percent","5.2",""
"Spain","Females","2011","UNAIDS_GARPR_","Percent","0.5",""
"Spain","Females","2009","UNAIDS_GARPR_","Percent","0.9",""
"Spain","Females","2007","UNAIDS_GARPR_","Percent","1.2",""
"Spain","Males","2011","UNAIDS_GARPR_","Percent","16.91",""
"Spain","Males","2009","UNAIDS_GARPR_","Percent","20.8",""
"Spain","Males","2007","UNAIDS_GARPR_","Percent","16",""
"Spain","< 25","2011","UNAIDS_GARPR_","Percent","1.18",""
"Spain","< 25","2009","UNAIDS_GARPR_","Percent","3.2",""
"Spain","< 25","2007","UNAIDS_GARPR_","Percent","1.9",""
"Spain","25+","2011","UNAIDS_GARPR_","Percent","2.23",""
"Spain","25+","2009","UNAIDS_GARPR_","Percent","2.6",""
"Spain","25+","2007","UNAIDS_GARPR_","Percent","2.5",""
"Spain","Total","2013","UNAIDS_GARPR_","Percent","1.9",""
"Spain","Total","2011","UNAIDS_GARPR_","Percent","1.94",""
"Spain","Total","2009","UNAIDS_GARPR_","Percent","2.8",""
"Sri Lanka","Females","2014","UNAIDS_GARPR_","Percent","0.8",""
"Sri Lanka","Females","2011","UNAIDS_GARPR_","Percent","0.2",""
"Sri Lanka","Females","2009","UNAIDS_GARPR_","Percent","0",""
"Sri Lanka","Females","2007","UNAIDS_GARPR_","Percent","0.2",""
"Sri Lanka","< 25","2014","UNAIDS_GARPR_","Percent","0",""
"Sri Lanka","< 25","2011","UNAIDS_GARPR_","Percent","0",""
"Sri Lanka","< 25","2009","UNAIDS_GARPR_","Percent","0",""
"Sri Lanka","< 25","2007","UNAIDS_GARPR_","Percent","0",""
"Sri Lanka","25+","2014","UNAIDS_GARPR_","Percent","0.9",""
"Sri Lanka","25+","2011","UNAIDS_GARPR_","Percent","0.24",""
"Sri Lanka","25+","2009","UNAIDS_GARPR_","Percent","0",""
"Sri Lanka","25+","2007","UNAIDS_GARPR_","Percent","0.2",""
"Sri Lanka","Total","2014","UNAIDS_GARPR_","Percent","0.8",""
"Sri Lanka","Total","2011","UNAIDS_GARPR_","Percent","0.2",""
"Sri Lanka","Total","2009","UNAIDS_GARPR_","Percent","0",""
"Sudan","Females","2013","UNAIDS_GARPR_","Percent","1.6",""
"Sudan","Females","2009","UNAIDS_GARPR_","Percent","0.9",""
"Sudan","< 25","2013","UNAIDS_GARPR_","Percent","0.9",""
"Sudan","< 25","2009","UNAIDS_GARPR_","Percent","0",""
"Sudan","25+","2013","UNAIDS_GARPR_","Percent","2.2",""
"Sudan","25+","2009","UNAIDS_GARPR_","Percent","1.5",""
"Sudan","Total","2013","UNAIDS_GARPR_","Percent","1.6",""
"Sudan","Total","2009","UNAIDS_GARPR_","Percent","0.9",""
"Suriname","Females","2014","UNAIDS_GARPR_","Percent","3.9",""
"Suriname","Females","2011","UNAIDS_GARPR_","Percent","3.81",""
"Suriname","Females","2007","UNAIDS_GARPR_","Percent","21.1",""
"Suriname","Males","2014","UNAIDS_GARPR_","Percent","30.8",""
"Suriname","Males","2011","UNAIDS_GARPR_","Percent","69.23",""
"Suriname","Males","2007","UNAIDS_GARPR_","Percent","29.8",""
"Suriname","< 25","2011","UNAIDS_GARPR_","Percent","4.55",""
"Suriname","25+","2011","UNAIDS_GARPR_","Percent","8.2",""
"Suriname","Total","2014","UNAIDS_GARPR_","Percent","5.8",""
"Suriname","Total","2011","UNAIDS_GARPR_","Percent","7.23",""
"Swaziland","Females","2011","UNAIDS_GARPR_","Percent","69.66",""
"Swaziland","< 25","2011","UNAIDS_GARPR_","Percent","64.14",""
"Swaziland","25+","2011","UNAIDS_GARPR_","Percent","74.16",""
"Swaziland","Total","2011","UNAIDS_GARPR_","Percent","69.66",""
"Sweden","Females","2009","UNAIDS_GARPR_","Percent","0",""
"Sweden","< 25","2009","UNAIDS_GARPR_","Percent","0",""
"Sweden","25+","2009","UNAIDS_GARPR_","Percent","0",""
"Sweden","Total","2009","UNAIDS_GARPR_","Percent","0",""
"Switzerland","Males","2009","UNAIDS_GARPR_","Percent","8.7",""
"Switzerland","Males","2007","UNAIDS_GARPR_","Percent","8.7",""
"Tajikistan","Females","2014","UNAIDS_GARPR_","Percent","3.5",""
"Tajikistan","Females","2012","UNAIDS_GARPR_","Percent","3.7",""
"Tajikistan","Females","2011","UNAIDS_GARPR_","Percent","4.43",""
"Tajikistan","Females","2009","UNAIDS_GARPR_","Percent","2.8",""
"Tajikistan","< 25","2014","UNAIDS_GARPR_","Percent","0.9",""
"Tajikistan","< 25","2012","UNAIDS_GARPR_","Percent","3.7",""
"Tajikistan","< 25","2011","UNAIDS_GARPR_","Percent","2.99",""
"Tajikistan","< 25","2009","UNAIDS_GARPR_","Percent","1.5",""
"Tajikistan","< 25","2007","UNAIDS_GARPR_","Percent","2.4",""
"Tajikistan","25+","2014","UNAIDS_GARPR_","Percent","4.4",""
"Tajikistan","25+","2012","UNAIDS_GARPR_","Percent","3.7",""
"Tajikistan","25+","2011","UNAIDS_GARPR_","Percent","4.91",""
"Tajikistan","25+","2009","UNAIDS_GARPR_","Percent","3.4",""
"Tajikistan","25+","2007","UNAIDS_GARPR_","Percent","4.5",""
"Tajikistan","Total","2014","UNAIDS_GARPR_","Percent","3.5",""
"Tajikistan","Total","2012","UNAIDS_GARPR_","Percent","3.7",""
"Tajikistan","Total","2011","UNAIDS_GARPR_","Percent","4.43",""
"Tajikistan","Total","2009","UNAIDS_GARPR_","Percent","2.8",""
"Thailand","Females","2012","UNAIDS_GARPR_","Percent","2.2",""
"Thailand","Females","2011","UNAIDS_GARPR_","Percent","1.82",""
"Thailand","Females","2009","UNAIDS_GARPR_","Percent","2.8",""
"Thailand","Females","2007","UNAIDS_GARPR_","Percent","4.3",""
"Thailand","Males","2012","UNAIDS_GARPR_","Percent","12.2",""
"Thailand","Males","2011","UNAIDS_GARPR_","Percent","17.73",""
"Thailand","Males","2009","UNAIDS_GARPR_","Percent","14.2",""
"Thailand","Males","2007","UNAIDS_GARPR_","Percent","20.7",""
"Thailand","Total","2009","UNAIDS_GARPR_","Percent","3.2",""
"The former Yugoslav Republic of Macedonia","Females","2009","UNAIDS_GARPR_","Percent","0",""
"The former Yugoslav Republic of Macedonia","Females","2007","UNAIDS_GARPR_","Percent","0",""
"The former Yugoslav Republic of Macedonia","Males","2007","UNAIDS_GARPR_","Percent","0",""
"The former Yugoslav Republic of Macedonia","< 25","2007","UNAIDS_GARPR_","Percent","0",""
"The former Yugoslav Republic of Macedonia","25+","2009","UNAIDS_GARPR_","Percent","0",""
"The former Yugoslav Republic of Macedonia","25+","2007","UNAIDS_GARPR_","Percent","0",""
"The former Yugoslav Republic of Macedonia","Total","2014","UNAIDS_GARPR_","Percent","0",""
"The former Yugoslav Republic of Macedonia","Total","2009","UNAIDS_GARPR_","Percent","0",""
"Timor-Leste","Females","2011","UNAIDS_GARPR_","Percent","1.5",""
"Timor-Leste","Total","2011","UNAIDS_GARPR_","Percent","1.5",""
"Togo","Females","2011","UNAIDS_GARPR_","Percent","13.11",""
"Togo","Females","2009","UNAIDS_GARPR_","Percent","44.5",""
"Togo","Females","2007","UNAIDS_GARPR_","Percent","44.5",""
"Togo","Males","2009","UNAIDS_GARPR_","Percent","7.7",""
"Togo","Males","2007","UNAIDS_GARPR_","Percent","7.7",""
"Togo","< 25","2011","UNAIDS_GARPR_","Percent","8.1",""
"Togo","< 25","2009","UNAIDS_GARPR_","Percent","19.5",""
"Togo","< 25","2007","UNAIDS_GARPR_","Percent","19.5",""
"Togo","25+","2011","UNAIDS_GARPR_","Percent","17.33",""
"Togo","25+","2009","UNAIDS_GARPR_","Percent","34.9",""
"Togo","25+","2007","UNAIDS_GARPR_","Percent","34.9",""
"Togo","Total","2011","UNAIDS_GARPR_","Percent","13.11",""
"Togo","Total","2009","UNAIDS_GARPR_","Percent","29.3",""
"Trinidad and Tobago","Total","2012","UNAIDS_GARPR_","Percent","0",""
"Tunisia","Females","2014","UNAIDS_GARPR_","Percent","0.92",""
"Tunisia","Females","2011","UNAIDS_GARPR_","Percent","0.61",""
"Tunisia","Females","2009","UNAIDS_GARPR_","Percent","0.4",""
"Tunisia","Females","2007","UNAIDS_GARPR_","Percent","0",""
"Tunisia","< 25","2014","UNAIDS_GARPR_","Percent","0",""
"Tunisia","< 25","2011","UNAIDS_GARPR_","Percent","0.56",""
"Tunisia","< 25","2009","UNAIDS_GARPR_","Percent","0.3",""
"Tunisia","25+","2014","UNAIDS_GARPR_","Percent","1.2",""
"Tunisia","25+","2011","UNAIDS_GARPR_","Percent","0.63",""
"Tunisia","25+","2009","UNAIDS_GARPR_","Percent","0.5",""
"Tunisia","Total","2014","UNAIDS_GARPR_","Percent","0.92",""
"Tunisia","Total","2011","UNAIDS_GARPR_","Percent","0.61",""
"Tunisia","Total","2009","UNAIDS_GARPR_","Percent","0.4",""
"Turkey","Females","2007","UNAIDS_GARPR_","Percent","0.3",""
"Turkey","Males","2007","UNAIDS_GARPR_","Percent","4.6",""
"Turkey","< 25","2007","UNAIDS_GARPR_","Percent","1.6",""
"Turkey","25+","2007","UNAIDS_GARPR_","Percent","1.6",""
"Turkey","Total","2009","UNAIDS_GARPR_","Percent","0",""
"Uganda","Females","2011","UNAIDS_GARPR_","Percent","35",""
"Uganda","Total","2013","UNAIDS_GARPR_","Percent","34.2",""
"Uganda","Total","2011","UNAIDS_GARPR_","Percent","35",""
"Ukraine","Females","2013","UNAIDS_GARPR_","Percent","7.3",""
"Ukraine","Females","2011","UNAIDS_GARPR_","Percent","9.03",""
"Ukraine","Females","2007","UNAIDS_GARPR_","Percent","4",""
"Ukraine","< 25","2013","UNAIDS_GARPR_","Percent","2.3",""
"Ukraine","< 25","2011","UNAIDS_GARPR_","Percent","2.95",""
"Ukraine","< 25","2009","UNAIDS_GARPR_","Percent","8.7",""
"Ukraine","< 25","2007","UNAIDS_GARPR_","Percent","4",""
"Ukraine","25+","2013","UNAIDS_GARPR_","Percent","9.5",""
"Ukraine","25+","2011","UNAIDS_GARPR_","Percent","12.88",""
"Ukraine","25+","2009","UNAIDS_GARPR_","Percent","16.4",""
"Ukraine","Total","2013","UNAIDS_GARPR_","Percent","7.3",""
"Ukraine","Total","2011","UNAIDS_GARPR_","Percent","9.03",""
"Ukraine","Total","2009","UNAIDS_GARPR_","Percent","13.2",""
"UNAIDS Region - Asia and the Pacific","Total","2014","UNAIDS_GARPR_","Percent","1.2",""
"UNAIDS Region - Asia and the Pacific","Total","2013","UNAIDS_GARPR_","Percent","1.8",""
"UNAIDS Region - Asia and the Pacific","Total","2012","UNAIDS_GARPR_","Percent","1.3",""
"UNAIDS Region - Asia and the Pacific","Total","2011","UNAIDS_GARPR_","Percent","1.5",""
"UNAIDS Region - Caribbean","Total","2014","UNAIDS_GARPR_","Percent","2.5",""
"UNAIDS Region - Caribbean","Total","2013","UNAIDS_GARPR_","Percent","3.7",""
"UNAIDS Region - Caribbean","Total","2012","UNAIDS_GARPR_","Percent","4.1",""
"UNAIDS Region - Caribbean","Total","2011","UNAIDS_GARPR_","Percent","4.7",""
"UNAIDS Region - East and Southern Africa","Total","2014","UNAIDS_GARPR_","Percent","31.1",""
"UNAIDS Region - East and Southern Africa","Total","2013","UNAIDS_GARPR_","Percent","31.4",""
"UNAIDS Region - East and Southern Africa","Total","2012","UNAIDS_GARPR_","Percent","28.7",""
"UNAIDS Region - East and Southern Africa","Total","2011","UNAIDS_GARPR_","Percent","33.4",""
"UNAIDS Region - Eastern Europe and Central Asia","Total","2014","UNAIDS_GARPR_","Percent","2.2",""
"UNAIDS Region - Eastern Europe and Central Asia","Total","2013","UNAIDS_GARPR_","Percent","2.2",""
"UNAIDS Region - Eastern Europe and Central Asia","Total","2012","UNAIDS_GARPR_","Percent","2.2",""
"UNAIDS Region - Eastern Europe and Central Asia","Total","2011","UNAIDS_GARPR_","Percent","2.2",""
"UNAIDS Region - Latin America","Total","2014","UNAIDS_GARPR_","Percent","2.1",""
"UNAIDS Region - Latin America","Total","2013","UNAIDS_GARPR_","Percent","3.1",""
"UNAIDS Region - Latin America","Total","2012","UNAIDS_GARPR_","Percent","2",""
"UNAIDS Region - Latin America","Total","2011","UNAIDS_GARPR_","Percent","2",""
"UNAIDS Region - Middle East and North Africa","Total","2014","UNAIDS_GARPR_","Percent","1.6",""
"UNAIDS Region - Middle East and North Africa","Total","2013","UNAIDS_GARPR_","Percent","1.6",""
"UNAIDS Region - Middle East and North Africa","Total","2012","UNAIDS_GARPR_","Percent","2",""
"UNAIDS Region - Middle East and North Africa","Total","2011","UNAIDS_GARPR_","Percent","2",""
"UNAIDS Region - Sub-Saharan Africa","Total","2014","UNAIDS_GARPR_","Percent","20.5",""
"UNAIDS Region - Sub-Saharan Africa","Total","2013","UNAIDS_GARPR_","Percent","20",""
"UNAIDS Region - Sub-Saharan Africa","Total","2012","UNAIDS_GARPR_","Percent","17.9",""
"UNAIDS Region - Sub-Saharan Africa","Total","2011","UNAIDS_GARPR_","Percent","23.8",""
"UNAIDS Region - West and Central Africa","Total","2014","UNAIDS_GARPR_","Percent","16.5",""
"UNAIDS Region - West and Central Africa","Total","2013","UNAIDS_GARPR_","Percent","17",""
"UNAIDS Region - West and Central Africa","Total","2012","UNAIDS_GARPR_","Percent","17",""
"UNAIDS Region - West and Central Africa","Total","2011","UNAIDS_GARPR_","Percent","22.7",""
"UNAIDS Region - Western & Central Europe and North America","Total","2014","UNAIDS_GARPR_","Percent","1.8",""
"UNAIDS Region - Western & Central Europe and North America","Total","2013","UNAIDS_GARPR_","Percent","1.8",""
"UNAIDS Region - Western & Central Europe and North America","Total","2012","UNAIDS_GARPR_","Percent","1.1",""
"UNAIDS Region - Western & Central Europe and North America","Total","2011","UNAIDS_GARPR_","Percent","1.1",""
"United Republic of Tanzania","Females","2014","UNAIDS_GARPR_","Percent","28",""
"United Republic of Tanzania","Females","2011","UNAIDS_GARPR_","Percent","31.47",""
"United Republic of Tanzania","Total","2014","UNAIDS_GARPR_","Percent","28",""
"United Republic of Tanzania","Total","2013","UNAIDS_GARPR_","Percent","31.4",""
"Uruguay","Females","2013","UNAIDS_GARPR_","Percent","0.7",""
"Uruguay","Males","2013","UNAIDS_GARPR_","Percent","7.7",""
"Uruguay","Males","2009","UNAIDS_GARPR_","Percent","19.3",""
"Uruguay","Total","2013","UNAIDS_GARPR_","Percent","1.3",""
"Uruguay","Total","2011","UNAIDS_GARPR_","Percent","19",""
"Uruguay","Total","2009","UNAIDS_GARPR_","Percent","19.3",""
"Uruguay","Transgender","2013","UNAIDS_GARPR_","Percent","20",""
"Uzbekistan","Females","2013","UNAIDS_GARPR_","Percent","2.1",""
"Uzbekistan","Females","2011","UNAIDS_GARPR_","Percent","2.22",""
"Uzbekistan","Females","2009","UNAIDS_GARPR_","Percent","2.2",""
"Uzbekistan","Females","2007","UNAIDS_GARPR_","Percent","4.7",""
"Uzbekistan","Males","2007","UNAIDS_GARPR_","Percent","0",""
"Uzbekistan","< 25","2013","UNAIDS_GARPR_","Percent","1.7",""
"Uzbekistan","< 25","2011","UNAIDS_GARPR_","Percent","1.65",""
"Uzbekistan","< 25","2009","UNAIDS_GARPR_","Percent","2.1",""
"Uzbekistan","< 25","2007","UNAIDS_GARPR_","Percent","2.8",""
"Uzbekistan","25+","2013","UNAIDS_GARPR_","Percent","2.4",""
"Uzbekistan","25+","2011","UNAIDS_GARPR_","Percent","2.65",""
"Uzbekistan","25+","2009","UNAIDS_GARPR_","Percent","2.3",""
"Uzbekistan","25+","2007","UNAIDS_GARPR_","Percent","6.3",""
"Uzbekistan","Total","2013","UNAIDS_GARPR_","Percent","2.1",""
"Uzbekistan","Total","2011","UNAIDS_GARPR_","Percent","2.22",""
"Uzbekistan","Total","2009","UNAIDS_GARPR_","Percent","2.2",""
"Viet Nam","Females","2014","UNAIDS_GARPR_","Percent","2.5",""
"Viet Nam","Females","2013","UNAIDS_GARPR_","Percent","2.6",""
"Viet Nam","Females","2012","UNAIDS_GARPR_","Percent","2.7",""
"Viet Nam","Females","2011","UNAIDS_GARPR_","Percent","2.97",""
"Viet Nam","Females","2009","UNAIDS_GARPR_","Percent","3.2",""
"Viet Nam","Females","2007","UNAIDS_GARPR_","Percent","4.2",""
"Viet Nam","< 25","2014","UNAIDS_GARPR_","Percent","1.5",""
"Viet Nam","25+","2014","UNAIDS_GARPR_","Percent","3.1",""
"Viet Nam","Total","2014","UNAIDS_GARPR_","Percent","2.5",""
"Viet Nam","Total","2013","UNAIDS_GARPR_","Percent","2.6",""
"Viet Nam","Total","2012","UNAIDS_GARPR_","Percent","2.7",""
"Viet Nam","Total","2011","UNAIDS_GARPR_","Percent","2.97",""
"Viet Nam","Total","2009","UNAIDS_GARPR_","Percent","3.2",""
"Yemen","Total","2013","UNAIDS_GARPR_","Percent","0",""
"Zambia","Females","2007","UNAIDS_GARPR_","Percent","65.4",""
"Zimbabwe","Females","2014","UNAIDS_GARPR_","Percent","46.2",""
"Zimbabwe","Females","2012","UNAIDS_GARPR_","Percent","44.4",""
"Zimbabwe","Females","2011","UNAIDS_GARPR_","Percent","49.95",""
"Zimbabwe","< 25","2011","UNAIDS_GARPR_","Percent","25.06",""
"Zimbabwe","25+","2011","UNAIDS_GARPR_","Percent","56.28",""
"Zimbabwe","Total","2014","UNAIDS_GARPR_","Percent","46.2",""
"Zimbabwe","Total","2012","UNAIDS_GARPR_","Percent","44.4",""
"Zimbabwe","Total","2011","UNAIDS_GARPR_","Percent","49.95",""

